{
    "parameters": {
        "NUM_RUNS": 500,
        "DEFAULT_NUM_NODES": 100,
        "DEFAULT_AVG_DEGREE": 4,
        "DEFAULT_P_SUPER_SWITCH": 0.4,
        "FIBER_ATTENUATION_DB_PER_KM": 0.15,
        "AVG_LINK_LENGTH_KM": 2.0,
        "ERROR_RATE_LOW": 0.001,
        "ERROR_RATE_HIGH": 0.15,
        "EPSILON": 0.01,
        "ERROR_THRESHOLDS": [
            0.01,
            0.03666666666666667,
            0.06333333333333332,
            0.08999999999999998,
            0.11666666666666665,
            0.14333333333333334,
            0.16999999999999998,
            0.19666666666666666,
            0.22333333333333333,
            0.25
        ],
        "DISCRETIZATION_DELTA": [
            1e-06,
            3.6666666666666666e-06,
            6.3333333333333326e-06,
            8.999999999999999e-06,
            1.1666666666666666e-05,
            1.4333333333333334e-05,
            1.7e-05,
            1.9666666666666666e-05,
            2.2333333333333332e-05,
            2.5e-05
        ],
        "POOL_SIZE": 5,
        "DEFAULT_R_THETA": 0.05,
        "DEFAULT_DELTA": 0.0001,
        "NUM_FLOWS_LIST": [
            5,
            10,
            15,
            20,
            25,
            30,
            35,
            40,
            45,
            50
        ],
        "NODE_SIZES_FOR_SCALABILITY": [
            20,
            80,
            160,
            240,
            320,
            400
        ],
        "SCHEME_COUNTS_FOR_SCALABILITY": [
            1,
            2,
            3,
            4
        ],
        "DEFAULT_NUM_NODES_FOR_SCALABILITY": 100,
        "MARKERS": [
            "o",
            "s",
            "d",
            "^",
            "v",
            "p"
        ],
        "LINESTYLES": [
            "-",
            "--",
            ":",
            "-."
        ],
        "COLORS": [
            "#1f77b4",
            "#ff7f0e",
            "#2ca02c",
            "#d62728",
            "#9467bd",
            "#8c564b"
        ],
        "RESULTS_DIR": "results"
    },
    "results": {
        "Proposed": {
            "costs": [
                93.7205196032868,
                78.97363918306316,
                73.54220292992495,
                70.13260152104597,
                66.8046051761104,
                65.28885875658112,
                63.62727686812895,
                63.37100309409591,
                62.74948298593337,
                62.23656479711735
            ],
            "accept_ratios": [
                0.854,
                0.95,
                0.972,
                0.98,
                0.984,
                0.992,
                0.992,
                0.998,
                0.998,
                0.998
            ]
        },
        "Decode-Always": {
            "costs": [
                125.17960279008739,
                109.97284087485232,
                103.41501627949744,
                99.32566902730461,
                96.92148300754299,
                94.79291922505948,
                92.41869890505856,
                91.00349655928754,
                89.14276087227776,
                87.13748735751363
            ],
            "accept_ratios": [
                0.854,
                0.95,
                0.972,
                0.98,
                0.984,
                0.992,
                0.992,
                0.998,
                0.998,
                0.998
            ]
        },
        "Forward-Always": {
            "costs": [
                59.8745357526061,
                60.01809826770634,
                60.18336874417546,
                60.056801628447374,
                59.92295736686598,
                59.95447750237242,
                59.805084533462676,
                59.65291221622908,
                59.46108317939181,
                59.41969716953438
            ],
            "accept_ratios": [
                0.434,
                0.654,
                0.756,
                0.814,
                0.866,
                0.896,
                0.922,
                0.938,
                0.94,
                0.948
            ]
        }
    }
}