{
    "parameters": {
        "NUM_RUNS": 50,
        "DEFAULT_NUM_NODES": 500,
        "DEFAULT_AVG_DEGREE": 4,
        "DEFAULT_P_SUPER_SWITCH": 0.4,
        "FIBER_ATTENUATION_DB_PER_KM": 0.15,
        "AVG_LINK_LENGTH_KM": 2.0,
        "ERROR_RATE_LOW": 0.001,
        "ERROR_RATE_HIGH": 0.15,
        "EPSILON": 0.01,
        "ERROR_THRESHOLDS": [
            0.01,
            0.03666666666666667,
            0.06333333333333332,
            0.08999999999999998,
            0.11666666666666665,
            0.14333333333333334,
            0.16999999999999998,
            0.19666666666666666,
            0.22333333333333333,
            0.25
        ],
        "DISCRETIZATION_DELTA": [
            2.0000000000000002e-07,
            7.333333333333333e-07,
            1.2666666666666667e-06,
            1.7999999999999997e-06,
            2.333333333333333e-06,
            2.8666666666666666e-06,
            3.3999999999999996e-06,
            3.933333333333333e-06,
            4.4666666666666665e-06,
            5e-06
        ],
        "POOL_SIZE": 3,
        "DEFAULT_R_THETA": 0.05,
        "DEFAULT_DELTA": 0.01,
        "NUM_FLOWS_LIST": [
            1,
            3,
            5,
            7,
            9
        ],
        "MARKERS": [
            "o",
            "s",
            "d",
            "^",
            "v",
            "p"
        ],
        "LINESTYLES": [
            "-",
            "--",
            ":",
            "-."
        ],
        "COLORS": [
            "#1f77b4",
            "#ff7f0e",
            "#2ca02c",
            "#d62728",
            "#9467bd",
            "#8c564b"
        ],
        "RESULTS_DIR": "results"
    },
    "results": {
        "Proposed": {
            "costs": [
                147.84323567444247,
                123.83085153763169,
                132.0550671356477,
                108.64665547224372,
                83.60685036727104,
                90.61654205804838,
                98.04621994894666,
                88.43303087438157,
                96.47577151076756,
                78.61888139976367
            ],
            "accept_ratios": [
                0.44,
                0.56,
                0.72,
                0.66,
                0.86,
                0.78,
                0.9,
                0.8,
                0.84,
                0.9
            ]
        },
        "Decode-Always": {
            "costs": [
                170.59159933427472,
                160.03664518283549,
                148.3618544956689,
                137.73589986508927,
                124.59887900438663,
                123.62723539326687,
                113.61755941228319,
                126.25545924410879,
                116.3233312660321,
                106.41147826502723
            ],
            "accept_ratios": [
                0.56,
                0.76,
                0.88,
                0.8,
                0.88,
                0.82,
                0.98,
                0.88,
                0.96,
                0.98
            ]
        },
        "Forward-Always": {
            "costs": [
                8.038359575051434,
                5.483542061679678,
                8.780449589627894,
                10.105524861655427,
                7.976401522874014,
                8.367990823208876,
                9.214593778328265,
                9.908025206883787,
                8.483576821466626,
                8.3229504221164
            ],
            "accept_ratios": [
                0.12,
                0.16,
                0.24,
                0.22,
                0.26,
                0.2,
                0.42,
                0.38,
                0.34,
                0.5
            ]
        }
    }
}