{
    "parameters": {
        "NUM_RUNS": 100,
        "DEFAULT_NUM_NODES": 100,
        "DEFAULT_AVG_DEGREE": 4,
        "DEFAULT_P_SUPER_SWITCH": 0.4,
        "FIBER_ATTENUATION_DB_PER_KM": 0.15,
        "AVG_LINK_LENGTH_KM": 2.0,
        "ERROR_RATE_LOW": 0.001,
        "ERROR_RATE_HIGH": 0.15,
        "EPSILON": 0.01,
        "ERROR_THRESHOLDS": [
            0.01,
            0.03666666666666667,
            0.06333333333333332,
            0.08999999999999998,
            0.11666666666666665,
            0.14333333333333334,
            0.16999999999999998,
            0.19666666666666666,
            0.22333333333333333,
            0.25
        ],
        "DISCRETIZATION_DELTA": [
            1e-06,
            3.6666666666666666e-06,
            6.3333333333333326e-06,
            8.999999999999999e-06,
            1.1666666666666666e-05,
            1.4333333333333334e-05,
            1.7e-05,
            1.9666666666666666e-05,
            2.2333333333333332e-05,
            2.5e-05
        ],
        "POOL_SIZE": 5,
        "DEFAULT_R_THETA": 0.05,
        "DEFAULT_DELTA": 0.0001,
        "NUM_FLOWS_LIST": [
            5,
            10,
            15,
            20,
            25,
            30,
            35,
            40,
            45,
            50
        ],
        "MARKERS": [
            "o",
            "s",
            "d",
            "^",
            "v",
            "p"
        ],
        "LINESTYLES": [
            "-",
            "--",
            ":",
            "-."
        ],
        "COLORS": [
            "#1f77b4",
            "#ff7f0e",
            "#2ca02c",
            "#d62728",
            "#9467bd",
            "#8c564b"
        ],
        "RESULTS_DIR": "results"
    },
    "results": {
        "Proposed (LP)": {
            "max_congestion": [
                1.43,
                2.1,
                2.72,
                3.17,
                3.61,
                4.01,
                4.47,
                4.96,
                5.3,
                5.71
            ],
            "acceptance_ratio": [
                0.7619999999999999,
                0.7900000000000001,
                0.794,
                0.7900000000000001,
                0.7827999999999998,
                0.7876666666666666,
                0.7874285714285715,
                0.7814999999999999,
                0.7826666666666665,
                0.785
            ]
        },
        "Greedy-Assignment": {
            "max_congestion": [
                1.58,
                2.28,
                3.09,
                3.72,
                4.42,
                4.96,
                5.58,
                6.24,
                6.84,
                7.44
            ],
            "acceptance_ratio": [
                0.7619999999999999,
                0.7900000000000001,
                0.794,
                0.7900000000000001,
                0.7827999999999998,
                0.7876666666666666,
                0.7874285714285715,
                0.7814999999999999,
                0.7826666666666665,
                0.785
            ]
        },
        "Shortest-Path-First": {
            "max_congestion": [
                1.1071428571428572,
                1.2268041237113403,
                1.64,
                1.92,
                2.13,
                2.34,
                2.52,
                2.77,
                2.98,
                3.16
            ],
            "acceptance_ratio": [
                0.282,
                0.3,
                0.31200000000000006,
                0.30450000000000005,
                0.30360000000000004,
                0.29666666666666663,
                0.2971428571428571,
                0.29475,
                0.29622222222222216,
                0.2922
            ]
        }
    }
}