{
    "parameters": {
        "NUM_RUNS": 100,
        "DEFAULT_NUM_NODES": 200,
        "DEFAULT_AVG_DEGREE": 4,
        "DEFAULT_P_SUPER_SWITCH": 0.4,
        "FIBER_ATTENUATION_DB_PER_KM": 0.15,
        "AVG_LINK_LENGTH_KM": 2.0,
        "ERROR_RATE_LOW": 0.001,
        "ERROR_RATE_HIGH": 0.15,
        "EPSILON": 0.01,
        "ERROR_THRESHOLDS": [
            0.01,
            0.03666666666666667,
            0.06333333333333332,
            0.08999999999999998,
            0.11666666666666665,
            0.14333333333333334,
            0.16999999999999998,
            0.19666666666666666,
            0.22333333333333333,
            0.25
        ],
        "DISCRETIZATION_DELTA": [
            5e-07,
            1.8333333333333333e-06,
            3.1666666666666663e-06,
            4.499999999999999e-06,
            5.833333333333333e-06,
            7.166666666666667e-06,
            8.5e-06,
            9.833333333333333e-06,
            1.1166666666666666e-05,
            1.25e-05
        ],
        "POOL_SIZE": 3,
        "DEFAULT_R_THETA": 0.05,
        "DEFAULT_DELTA": 0.01,
        "NUM_FLOWS_LIST": [
            1,
            3,
            5,
            7,
            9
        ],
        "MARKERS": [
            "o",
            "s",
            "d",
            "^",
            "v",
            "p"
        ],
        "LINESTYLES": [
            "-",
            "--",
            ":",
            "-."
        ],
        "COLORS": [
            "#1f77b4",
            "#ff7f0e",
            "#2ca02c",
            "#d62728",
            "#9467bd",
            "#8c564b"
        ],
        "RESULTS_DIR": "results"
    },
    "results": {
        "Proposed": {
            "costs": [
                119.66475598606141,
                102.48030758092366,
                89.46595321359412,
                87.62413409225057,
                74.70183526848095,
                83.42476399148306,
                84.74173476022906,
                76.0422068495087,
                76.69578759827034,
                70.72650155765021
            ],
            "accept_ratios": [
                0.53,
                0.7,
                0.69,
                0.8,
                0.89,
                0.89,
                0.83,
                0.94,
                0.78,
                0.85
            ]
        },
        "Decode-Always": {
            "costs": [
                134.4118672529611,
                122.02065696966305,
                130.11029764979168,
                119.82534309347481,
                96.72243333299718,
                110.24347753843848,
                113.21627299067856,
                103.65356688925333,
                100.62639525951148,
                102.76000367489581
            ],
            "accept_ratios": [
                0.6,
                0.79,
                0.81,
                0.9,
                0.9,
                0.92,
                0.91,
                0.96,
                0.85,
                0.91
            ]
        },
        "Forward-Always": {
            "costs": [
                57.33964904965718,
                58.90752312049388,
                58.99805036796486,
                59.13665273900364,
                59.451281430502206,
                58.6489828120776,
                59.05622679322832,
                60.07727703310658,
                59.09361657517872,
                59.62232678088869
            ],
            "accept_ratios": [
                0.23,
                0.39,
                0.43,
                0.55,
                0.73,
                0.65,
                0.59,
                0.72,
                0.57,
                0.73
            ]
        }
    }
}