{
    "parameters": {
        "NUM_RUNS": 500,
        "DEFAULT_NUM_NODES": 100,
        "DEFAULT_AVG_DEGREE": 4,
        "DEFAULT_P_SUPER_SWITCH": 0.4,
        "FIBER_ATTENUATION_DB_PER_KM": 0.15,
        "AVG_LINK_LENGTH_KM": 2.0,
        "ERROR_RATE_LOW": 0.001,
        "ERROR_RATE_HIGH": 0.15,
        "EPSILON": 0.01,
        "ERROR_THRESHOLDS": [
            0.01,
            0.03666666666666667,
            0.06333333333333332,
            0.08999999999999998,
            0.11666666666666665,
            0.14333333333333334,
            0.16999999999999998,
            0.19666666666666666,
            0.22333333333333333,
            0.25
        ],
        "DISCRETIZATION_DELTA": [
            1e-06,
            3.6666666666666666e-06,
            6.3333333333333326e-06,
            8.999999999999999e-06,
            1.1666666666666666e-05,
            1.4333333333333334e-05,
            1.7e-05,
            1.9666666666666666e-05,
            2.2333333333333332e-05,
            2.5e-05
        ],
        "POOL_SIZE": 5,
        "DEFAULT_R_THETA": 0.05,
        "DEFAULT_DELTA": 0.0001,
        "NUM_FLOWS_LIST": [
            5,
            10,
            15,
            20,
            25,
            30,
            35,
            40,
            45,
            50
        ],
        "NODE_SIZES_FOR_SCALABILITY": [
            20,
            80,
            160,
            240,
            320,
            400
        ],
        "SCHEME_COUNTS_FOR_SCALABILITY": [
            1,
            2,
            3,
            4
        ],
        "DEFAULT_NUM_NODES_FOR_SCALABILITY": 100,
        "MARKERS": [
            "o",
            "s",
            "d",
            "^",
            "v",
            "p"
        ],
        "LINESTYLES": [
            "-",
            "--",
            ":",
            "-."
        ],
        "COLORS": [
            "#1f77b4",
            "#ff7f0e",
            "#2ca02c",
            "#d62728",
            "#9467bd",
            "#8c564b"
        ],
        "RESULTS_DIR": "results"
    },
    "results": {
        "Proposed": {
            "costs": [
                104.25368521817185,
                84.53664398868034,
                79.1654569917028,
                74.25696450416652,
                72.78467138725051,
                71.08613860152174,
                68.0573459992451,
                66.18790460781301,
                64.93532953097242,
                64.61303558612056
            ],
            "accept_ratios": [
                0.528,
                0.726,
                0.806,
                0.854,
                0.894,
                0.92,
                0.944,
                0.952,
                0.96,
                0.972
            ]
        },
        "Decode-Always": {
            "costs": [
                130.34023452208186,
                114.11889706163994,
                105.89114546853924,
                103.07621692241838,
                100.45383114417015,
                98.9964069015435,
                95.37539262809399,
                94.2073534147747,
                92.47214184903243,
                91.00705327518078
            ],
            "accept_ratios": [
                0.664,
                0.836,
                0.888,
                0.92,
                0.942,
                0.954,
                0.96,
                0.97,
                0.982,
                0.988
            ]
        },
        "Forward-Always": {
            "costs": [
                57.979979264315894,
                58.431227448003035,
                58.715914768588846,
                58.908193794890906,
                58.9120680786992,
                58.967040592863405,
                59.01549009527266,
                58.99518144568608,
                59.03485449701913,
                58.95341077060229
            ],
            "accept_ratios": [
                0.294,
                0.498,
                0.588,
                0.67,
                0.724,
                0.764,
                0.816,
                0.846,
                0.87,
                0.88
            ]
        }
    }
}