{
    "parameters": {
        "NUM_RUNS": 500,
        "DEFAULT_NUM_NODES": 100,
        "DEFAULT_AVG_DEGREE": 4,
        "DEFAULT_P_SUPER_SWITCH": 0.4,
        "FIBER_ATTENUATION_DB_PER_KM": 0.15,
        "AVG_LINK_LENGTH_KM": 2.0,
        "ERROR_RATE_LOW": 0.001,
        "ERROR_RATE_HIGH": 0.15,
        "EPSILON": 0.01,
        "ERROR_THRESHOLDS": [
            0.01,
            0.03666666666666667,
            0.06333333333333332,
            0.08999999999999998,
            0.11666666666666665,
            0.14333333333333334,
            0.16999999999999998,
            0.19666666666666666,
            0.22333333333333333,
            0.25
        ],
        "DISCRETIZATION_DELTA": [
            1e-06,
            3.6666666666666666e-06,
            6.3333333333333326e-06,
            8.999999999999999e-06,
            1.1666666666666666e-05,
            1.4333333333333334e-05,
            1.7e-05,
            1.9666666666666666e-05,
            2.2333333333333332e-05,
            2.5e-05
        ],
        "POOL_SIZE": 5,
        "DEFAULT_R_THETA": 0.05,
        "DEFAULT_DELTA": 0.0001,
        "NUM_FLOWS_LIST": [
            5,
            10,
            15,
            20,
            25,
            30,
            35,
            40,
            45,
            50
        ],
        "NODE_SIZES_FOR_SCALABILITY": [
            20,
            80,
            160,
            240,
            320,
            400
        ],
        "SCHEME_COUNTS_FOR_SCALABILITY": [
            1,
            2,
            3,
            4
        ],
        "DEFAULT_NUM_NODES_FOR_SCALABILITY": 100,
        "MARKERS": [
            "o",
            "s",
            "d",
            "^",
            "v",
            "p"
        ],
        "LINESTYLES": [
            "-",
            "--",
            ":",
            "-."
        ],
        "COLORS": [
            "#1f77b4",
            "#ff7f0e",
            "#2ca02c",
            "#d62728",
            "#9467bd",
            "#8c564b"
        ],
        "RESULTS_DIR": "results"
    },
    "results": {
        "Proposed": {
            "costs": [
                104.07212316853797,
                84.61508846913198,
                79.1654569917028,
                74.26402584538677,
                72.65363764547399,
                70.98744297214421,
                68.14512273075788,
                66.19018360507947,
                64.94575842603825,
                64.72298535933507
            ],
            "accept_ratios": [
                0.53,
                0.724,
                0.806,
                0.854,
                0.894,
                0.92,
                0.944,
                0.952,
                0.96,
                0.972
            ]
        },
        "Decode-Always": {
            "costs": [
                130.14837939462492,
                114.2332050232292,
                105.89114546853924,
                102.96745616903131,
                100.33072836103106,
                99.11601796659555,
                95.3607581875278,
                94.12471666275793,
                92.56316656312175,
                91.11508384394347
            ],
            "accept_ratios": [
                0.666,
                0.834,
                0.888,
                0.92,
                0.942,
                0.954,
                0.96,
                0.97,
                0.982,
                0.988
            ]
        },
        "Forward-Always": {
            "costs": [
                57.96754522918669,
                58.440467308417595,
                58.715914768588846,
                58.91719437011791,
                58.912543369210546,
                58.96454274066818,
                59.008099917083804,
                58.997745991073394,
                59.04636224329866,
                58.94141149826614
            ],
            "accept_ratios": [
                0.296,
                0.496,
                0.588,
                0.67,
                0.726,
                0.764,
                0.816,
                0.846,
                0.87,
                0.878
            ]
        }
    }
}