{
    "parameters": {
        "NUM_RUNS": 100,
        "DEFAULT_NUM_NODES": 500,
        "DEFAULT_AVG_DEGREE": 4,
        "DEFAULT_P_SUPER_SWITCH": 0.4,
        "FIBER_ATTENUATION_DB_PER_KM": 0.15,
        "AVG_LINK_LENGTH_KM": 2.0,
        "ERROR_RATE_LOW": 0.001,
        "ERROR_RATE_HIGH": 0.15,
        "EPSILON": 0.01,
        "ERROR_THRESHOLDS": [
            0.01,
            0.03666666666666667,
            0.06333333333333332,
            0.08999999999999998,
            0.11666666666666665,
            0.14333333333333334,
            0.16999999999999998,
            0.19666666666666666,
            0.22333333333333333,
            0.25
        ],
        "DISCRETIZATION_DELTA": [
            2.0000000000000002e-07,
            7.333333333333333e-07,
            1.2666666666666667e-06,
            1.7999999999999997e-06,
            2.333333333333333e-06,
            2.8666666666666666e-06,
            3.3999999999999996e-06,
            3.933333333333333e-06,
            4.4666666666666665e-06,
            5e-06
        ],
        "POOL_SIZE": 5,
        "DEFAULT_R_THETA": 0.05,
        "DEFAULT_DELTA": 0.01,
        "NUM_FLOWS_LIST": [
            1,
            2,
            3,
            4,
            5,
            6,
            7,
            8,
            9,
            10
        ],
        "MARKERS": [
            "o",
            "s",
            "d",
            "^",
            "v",
            "p"
        ],
        "LINESTYLES": [
            "-",
            "--",
            ":",
            "-."
        ],
        "COLORS": [
            "#1f77b4",
            "#ff7f0e",
            "#2ca02c",
            "#d62728",
            "#9467bd",
            "#8c564b"
        ],
        "RESULTS_DIR": "results"
    },
    "results": {
        "Proposed (ILP)": {
            "max_congestion": [
                1.0,
                1.0,
                1.0,
                1.0222222222222221,
                1.1090909090909091,
                1.152542372881356,
                1.1791044776119404,
                1.2054794520547945,
                1.24,
                1.2894736842105263
            ],
            "acceptance_ratio": [
                0.15,
                0.13,
                0.13,
                0.1425,
                0.15999999999999998,
                0.15,
                0.1514285714285714,
                0.1525,
                0.1488888888888889,
                0.15100000000000002
            ]
        },
        "Greedy-Assignment": {
            "max_congestion": [
                1.3333333333333333,
                1.2608695652173914,
                1.2352941176470589,
                1.2444444444444445,
                1.2727272727272727,
                1.3220338983050848,
                1.3880597014925373,
                1.3972602739726028,
                1.4133333333333333,
                1.4473684210526316
            ],
            "acceptance_ratio": [
                0.15,
                0.13,
                0.13,
                0.1425,
                0.15999999999999998,
                0.15,
                0.1514285714285714,
                0.1525,
                0.1488888888888889,
                0.15100000000000002
            ]
        },
        "Shortest-Path-First": {
            "max_congestion": [
                1.0,
                1.0,
                1.0,
                1.0,
                1.0,
                1.0,
                1.0277777777777777,
                1.0476190476190477,
                1.0434782608695652,
                1.0612244897959184
            ],
            "acceptance_ratio": [
                0.04,
                0.055,
                0.05333333333333333,
                0.0575,
                0.06200000000000001,
                0.05833333333333332,
                0.06142857142857142,
                0.065,
                0.06444444444444444,
                0.066
            ]
        }
    }
}