{
    "parameters": {
        "NUM_RUNS": 10,
        "DEFAULT_NUM_NODES": 20,
        "DEFAULT_AVG_DEGREE": 4,
        "DEFAULT_P_SUPER_SWITCH": 1,
        "FIBER_ATTENUATION_DB_PER_KM": 0.15,
        "AVG_LINK_LENGTH_KM": 2.0,
        "ERROR_RATE_LOW": 0.001,
        "ERROR_RATE_HIGH": 0.15,
        "EPSILON": 0.01,
        "ERROR_THRESHOLDS": [
            0.01,
            0.03666666666666667,
            0.06333333333333332,
            0.08999999999999998,
            0.11666666666666665,
            0.14333333333333334,
            0.16999999999999998,
            0.19666666666666666,
            0.22333333333333333,
            0.25
        ],
        "DISCRETIZATION_DELTA": [
            5e-06,
            1.8333333333333333e-05,
            3.1666666666666666e-05,
            4.4999999999999996e-05,
            5.8333333333333326e-05,
            7.166666666666667e-05,
            8.499999999999999e-05,
            9.833333333333333e-05,
            0.00011166666666666667,
            0.000125
        ],
        "NUM_FLOWS_LIST": [
            5,
            10,
            15,
            20,
            25,
            30,
            35,
            40,
            45,
            50
        ],
        "MARKERS": [
            "o",
            "s",
            "d",
            "^",
            "v",
            "p"
        ],
        "LINESTYLES": [
            "-",
            "--",
            ":",
            "-."
        ],
        "COLORS": [
            "#1f77b4",
            "#ff7f0e",
            "#2ca02c",
            "#d62728",
            "#9467bd",
            "#8c564b"
        ],
        "RESULTS_DIR": "results"
    },
    "results": {
        "Proposed (Multi-Scheme d=5,7,9)": {
            "costs": [
                38.116825853900544,
                17.760773319888735,
                18.89377997033515,
                14.586383440995302,
                14.785653813373143,
                15.218551811738129,
                19.512515298504546,
                16.85479318204785,
                19.091467139126838,
                18.212250014947177
            ],
            "accept_ratios": [
                0.9,
                1.0,
                0.9,
                1.0,
                0.9,
                1.0,
                1.0,
                1.0,
                1.0,
                1.0
            ]
        },
        "Single-Scheme (d=5)": {
            "costs": [
                19.20438114343487,
                18.07978803361134,
                20.227113303668478,
                15.186383440995304,
                14.821587951150498,
                15.278634791611063,
                20.19389209713305,
                17.263954294366705,
                19.691467139126836,
                18.212250014947177
            ],
            "accept_ratios": [
                0.6,
                0.9,
                0.9,
                1.0,
                0.9,
                1.0,
                1.0,
                1.0,
                1.0,
                1.0
            ]
        },
        "Single-Scheme (d=7)": {
            "costs": [
                24.359050781613252,
                19.760773319888735,
                21.560446637001817,
                16.258725286140184,
                17.00787603559537,
                17.21855181173813,
                21.712515298504545,
                19.05479318204785,
                21.691467139126836,
                20.639726837632242
            ],
            "accept_ratios": [
                0.8,
                1.0,
                0.9,
                1.0,
                0.9,
                1.0,
                1.0,
                1.0,
                1.0,
                1.0
            ]
        },
        "Single-Scheme (d=9)": {
            "costs": [
                107.10516539311354,
                75.76077331988873,
                72.67155774811292,
                56.25872528614019,
                65.89676492448426,
                61.21855181173813,
                68.71251529850456,
                66.86395429436672,
                72.1030231714913,
                72.63972683763225
            ],
            "accept_ratios": [
                0.9,
                1.0,
                0.9,
                1.0,
                0.9,
                1.0,
                1.0,
                1.0,
                1.0,
                1.0
            ]
        }
    }
}