{
    "Proposed": {
        "costs": [
            54.904989174501324,
            76.18483192355838,
            72.01002077298159,
            71.70118854246458,
            55.355665144166046,
            54.45024460921931,
            55.43771076895821,
            66.5249760740279,
            57.83879391729657,
            56.2715628699807
        ],
        "accept_ratios": [
            0.8,
            0.7,
            0.6,
            0.9,
            0.9,
            0.9,
            0.8,
            0.9,
            0.8,
            1.0
        ]
    },
    "Decode-Always": {
        "costs": [
            73.65498917450132,
            104.75626049498695,
            97.01002077298159,
            88.36785520913125,
            94.24455403305494,
            93.3391334981082,
            92.93771076895823,
            88.74719829625013,
            145.33879391729658,
            91.27156286998068
        ],
        "accept_ratios": [
            0.8,
            0.7,
            0.6,
            0.9,
            0.9,
            0.9,
            0.8,
            0.9,
            0.8,
            1.0
        ]
    },
    "Forward-Always": {
        "costs": [
            4.904989174501319,
            4.28817135205799,
            4.973620551073669,
            4.0880238299450316,
            5.35566514416605,
            4.450244609219321,
            5.437710768958212,
            3.8782731652328546,
            7.838793917296568,
            6.271562869980695
        ],
        "accept_ratios": [
            0.8,
            0.4,
            0.4,
            0.6,
            0.9,
            0.9,
            0.8,
            0.7,
            0.8,
            1.0
        ]
    }
}