{
    "Proposed": {
        "costs": [
            90.40253003453226,
            92.23329050395766,
            72.49863867687924,
            74.41244795759836,
            74.81528352472489,
            68.92542056139028,
            73.4287327875641,
            75.01222233718539,
            67.16583822535958,
            66.39187841295919
        ],
        "accept_ratios": [
            0.55,
            0.67,
            0.76,
            0.83,
            0.84,
            0.83,
            0.87,
            0.86,
            0.87,
            0.93
        ]
    },
    "Decode-Always": {
        "costs": [
            114.93075574837631,
            107.2133391696942,
            101.20560248295628,
            100.42350059878052,
            95.69032718738447,
            93.12903435002787,
            96.11770512121144,
            99.5903641720355,
            89.7916381828836,
            86.2531981261536
        ],
        "accept_ratios": [
            0.64,
            0.74,
            0.82,
            0.86,
            0.85,
            0.86,
            0.88,
            0.89,
            0.9,
            0.95
        ]
    },
    "Forward-Always": {
        "costs": [
            5.877024084908628,
            6.702854586016079,
            6.6840933562469145,
            6.517151624865146,
            6.456913056109759,
            7.220004211500245,
            7.6376232645724675,
            7.536668652585312,
            6.637207276980746,
            6.643195101686581
        ],
        "accept_ratios": [
            0.19,
            0.32,
            0.36,
            0.47,
            0.43,
            0.44,
            0.55,
            0.41,
            0.46,
            0.63
        ]
    }
}