{
    "parameters": {
        "NUM_RUNS": 100,
        "DEFAULT_NUM_NODES": 100,
        "DEFAULT_AVG_DEGREE": 4,
        "DEFAULT_P_SUPER_SWITCH": 1,
        "FIBER_ATTENUATION_DB_PER_KM": 0.15,
        "AVG_LINK_LENGTH_KM": 2.0,
        "ERROR_RATE_LOW": 0.001,
        "ERROR_RATE_HIGH": 0.15,
        "EPSILON": 0.01,
        "ERROR_THRESHOLDS": [
            0.01,
            0.03666666666666667,
            0.06333333333333332,
            0.08999999999999998,
            0.11666666666666665,
            0.14333333333333334,
            0.16999999999999998,
            0.19666666666666666,
            0.22333333333333333,
            0.25
        ],
        "DISCRETIZATION_DELTA": [
            1e-06,
            3.6666666666666666e-06,
            6.3333333333333326e-06,
            8.999999999999999e-06,
            1.1666666666666666e-05,
            1.4333333333333334e-05,
            1.7e-05,
            1.9666666666666666e-05,
            2.2333333333333332e-05,
            2.5e-05
        ],
        "NUM_FLOWS_LIST": [
            5,
            10,
            15,
            20,
            25,
            30,
            35,
            40,
            45,
            50
        ],
        "MARKERS": [
            "o",
            "s",
            "d",
            "^",
            "v",
            "p"
        ],
        "LINESTYLES": [
            "-",
            "--",
            ":",
            "-."
        ],
        "COLORS": [
            "#1f77b4",
            "#ff7f0e",
            "#2ca02c",
            "#d62728",
            "#9467bd",
            "#8c564b"
        ],
        "RESULTS_DIR": "results"
    },
    "results": {
        "Proposed": {
            "costs": [
                126.13659539862002,
                107.50877145073608,
                90.03065707215927,
                89.01504061421228,
                85.05465478428195,
                76.5972781390533,
                80.11687068068689,
                84.1300854922456,
                75.24326911199135,
                72.9355492469764
            ],
            "accept_ratios": [
                0.94,
                0.95,
                0.98,
                0.99,
                1.0,
                0.98,
                1.0,
                0.98,
                1.0,
                1.0
            ]
        },
        "Decode-Always": {
            "costs": [
                120.63247167567637,
                116.88362439539837,
                133.1759601885276,
                115.66157825483921,
                116.49836108857758,
                93.48351411088608,
                139.1471224331555,
                88.23714936652839,
                145.6129031909837,
                126.66076056186996
            ],
            "accept_ratios": [
                0.07,
                0.05,
                0.08,
                0.05,
                0.05,
                0.09,
                0.11,
                0.03,
                0.04,
                0.05
            ]
        },
        "Forward-Always": {
            "costs": [
                6.53387863614859,
                5.923441655085794,
                7.149085734719395,
                7.128806192287031,
                7.326791436510549,
                7.394910913439475,
                7.30577727299174,
                7.410090944402845,
                8.032588838606024,
                7.740993846572958
            ],
            "accept_ratios": [
                0.17,
                0.2,
                0.38,
                0.35,
                0.32,
                0.48,
                0.53,
                0.35,
                0.5,
                0.51
            ]
        }
    }
}