{
    "parameters": {
        "NUM_RUNS": 50,
        "DEFAULT_NUM_NODES": 20,
        "DEFAULT_AVG_DEGREE": 4,
        "DEFAULT_P_SUPER_SWITCH": 0.8,
        "FIBER_ATTENUATION_DB_PER_KM": 0.15,
        "AVG_LINK_LENGTH_KM": 2.0,
        "ERROR_RATE_LOW": 0.001,
        "ERROR_RATE_HIGH": 0.15,
        "EPSILON": 0.01,
        "ERROR_THRESHOLDS": [
            0.01,
            0.03666666666666667,
            0.06333333333333332,
            0.08999999999999998,
            0.11666666666666665,
            0.14333333333333334,
            0.16999999999999998,
            0.19666666666666666,
            0.22333333333333333,
            0.25
        ],
        "DISCRETIZATION_DELTA": [
            5e-06,
            1.8333333333333333e-05,
            3.1666666666666666e-05,
            4.4999999999999996e-05,
            5.8333333333333326e-05,
            7.166666666666667e-05,
            8.499999999999999e-05,
            9.833333333333333e-05,
            0.00011166666666666667,
            0.000125
        ],
        "NUM_FLOWS_LIST": [
            5,
            10,
            15,
            20,
            25,
            30,
            35,
            40,
            45,
            50
        ],
        "MARKERS": [
            "o",
            "s",
            "d",
            "^",
            "v",
            "p"
        ],
        "LINESTYLES": [
            "-",
            "--",
            ":",
            "-."
        ],
        "COLORS": [
            "#1f77b4",
            "#ff7f0e",
            "#2ca02c",
            "#d62728",
            "#9467bd",
            "#8c564b"
        ],
        "RESULTS_DIR": "results"
    },
    "results": {
        "Proposed": {
            "costs": [
                82.5529479433809,
                72.95118070661897,
                66.97566617441096,
                71.58156248861287,
                69.9290927742824,
                70.79538513759509,
                64.86515915771817,
                62.48537820175463,
                62.37914522976952,
                59.20438429628991
            ],
            "accept_ratios": [
                0.8,
                0.9,
                0.96,
                1.0,
                0.98,
                0.96,
                1.0,
                1.0,
                1.0,
                0.98
            ]
        },
        "Decode-Always (Optimized)": {
            "costs": [
                118.42002818933133,
                75.1891720874226,
                76.77783359438376,
                85.15667038715735,
                81.96346352251527,
                75.68063384742592,
                75.69443864302204,
                91.19862460418311,
                92.48145690182045,
                85.01921677440627
            ],
            "accept_ratios": [
                0.1,
                0.1,
                0.14,
                0.26,
                0.18,
                0.14,
                0.1,
                0.3,
                0.14,
                0.1
            ]
        },
        "Forward-Always": {
            "costs": [
                4.98457754996604,
                5.650457984855122,
                5.119634871907711,
                5.539658798715294,
                4.9525979492325884,
                5.920836131447375,
                5.857872502023949,
                5.241786081824315,
                5.545472632747274,
                5.5760891875591785
            ],
            "accept_ratios": [
                0.3,
                0.48,
                0.56,
                0.6,
                0.62,
                0.6,
                0.74,
                0.7,
                0.74,
                0.86
            ]
        }
    }
}