{
    "Proposed": {
        "costs": [
            91.87119512047553,
            73.54836633879546,
            75.18188401493354,
            73.64822351658337,
            69.14721907738709,
            69.14046296003977,
            63.93908760568389,
            60.418139973969495,
            63.953352603062434,
            67.46244600096539
        ],
        "accept_ratios": [
            0.64,
            0.78,
            0.86,
            0.92,
            0.88,
            0.92,
            0.98,
            0.94,
            0.9,
            0.98
        ]
    },
    "Decode-Always": {
        "costs": [
            118.34776783762479,
            102.95050107828584,
            105.00295709048565,
            98.54486342053492,
            100.15877817791788,
            99.47674038410821,
            87.61228527311022,
            74.9159321357422,
            86.86108626322468,
            91.2863512438725
        ],
        "accept_ratios": [
            0.68,
            0.84,
            0.9,
            0.92,
            0.92,
            0.96,
            0.98,
            0.98,
            0.94,
            1.0
        ]
    },
    "Forward-Always": {
        "costs": [
            4.5689809443760305,
            6.3213049945678526,
            5.853093547064385,
            6.312123506977433,
            5.732816255390502,
            6.2052851972712375,
            5.857509857661912,
            5.906359873141468,
            6.370999435177091,
            6.853582444245595
        ],
        "accept_ratios": [
            0.3,
            0.44,
            0.48,
            0.48,
            0.52,
            0.6,
            0.74,
            0.66,
            0.6,
            0.6
        ]
    }
}