{
    "Proposed": {
        "costs": [
            53.65207329334933,
            80.26736285845826,
            55.26003160009659,
            57.05791910301515,
            54.22569244637553,
            53.738239584620736,
            55.34130974836768,
            54.908972400521364,
            55.844599678894426,
            55.456890569299766
        ],
        "accept_ratios": [
            0.4,
            0.8,
            1.0,
            0.8,
            1.0,
            1.0,
            1.0,
            1.0,
            1.0,
            1.0
        ]
    },
    "Decode-Always": {
        "costs": [
            53.65207329334933,
            92.76736285845826,
            85.92020040802761,
            94.88595228069893,
            64.250896937878,
            76.61970967832852,
            95.34130974836768,
            74.90897240052136,
            85.84459967889444,
            85.45689056929976
        ],
        "accept_ratios": [
            0.4,
            0.8,
            1.0,
            0.8,
            1.0,
            1.0,
            1.0,
            1.0,
            1.0,
            1.0
        ]
    },
    "Forward-Always": {
        "costs": [
            2.9827225191640037,
            3.8141212928644905,
            4.235119889710378,
            5.375612777224819,
            4.225692446375529,
            3.738239584620741,
            5.341309748367676,
            4.908972400521362,
            5.745184151517455,
            5.456890569299768
        ],
        "accept_ratios": [
            0.2,
            0.6,
            0.6,
            0.6,
            1.0,
            1.0,
            1.0,
            1.0,
            0.8,
            1.0
        ]
    }
}