{
    "parameters": {
        "NUM_RUNS": 500,
        "DEFAULT_NUM_NODES": 200,
        "DEFAULT_AVG_DEGREE": 4,
        "DEFAULT_P_SUPER_SWITCH": 0.4,
        "FIBER_ATTENUATION_DB_PER_KM": 0.15,
        "AVG_LINK_LENGTH_KM": 2.0,
        "ERROR_RATE_LOW": 0.001,
        "ERROR_RATE_HIGH": 0.15,
        "EPSILON": 0.01,
        "ERROR_THRESHOLDS": [
            0.01,
            0.03666666666666667,
            0.06333333333333332,
            0.08999999999999998,
            0.11666666666666665,
            0.14333333333333334,
            0.16999999999999998,
            0.19666666666666666,
            0.22333333333333333,
            0.25
        ],
        "DISCRETIZATION_DELTA": [
            5e-07,
            1.8333333333333333e-06,
            3.1666666666666663e-06,
            4.499999999999999e-06,
            5.833333333333333e-06,
            7.166666666666667e-06,
            8.5e-06,
            9.833333333333333e-06,
            1.1166666666666666e-05,
            1.25e-05
        ],
        "POOL_SIZE": 5,
        "DEFAULT_R_THETA": 0.05,
        "DEFAULT_DELTA": 0.0001,
        "NUM_FLOWS_LIST": [
            5,
            10,
            15,
            20,
            25,
            30,
            35,
            40,
            45,
            50
        ],
        "NODE_SIZES_FOR_SCALABILITY": [
            20,
            80,
            160,
            240,
            320,
            400
        ],
        "SCHEME_COUNTS_FOR_SCALABILITY": [
            1,
            2,
            3,
            4
        ],
        "DEFAULT_NUM_NODES_FOR_SCALABILITY": 100,
        "MARKERS": [
            "o",
            "s",
            "d",
            "^",
            "v",
            "p"
        ],
        "LINESTYLES": [
            "-",
            "--",
            ":",
            "-."
        ],
        "COLORS": [
            "#1f77b4",
            "#ff7f0e",
            "#2ca02c",
            "#d62728",
            "#9467bd",
            "#8c564b"
        ],
        "RESULTS_DIR": "results"
    },
    "results": {
        "Proposed": {
            "costs": [
                128.73158200007913,
                106.11197118651828,
                99.68627727816924,
                92.51375329322829,
                89.61135239342264,
                85.2907873643943,
                82.11087012711755,
                79.05069725758443,
                77.39796757733463,
                75.29915378143554
            ],
            "accept_ratios": [
                0.468,
                0.628,
                0.706,
                0.756,
                0.788,
                0.822,
                0.84,
                0.856,
                0.872,
                0.888
            ]
        },
        "Decode-Always": {
            "costs": [
                154.10262824615907,
                133.91428390099682,
                127.9895010698776,
                120.0367779103587,
                116.81275559538302,
                112.04272044232971,
                110.6108345794906,
                106.6798699632946,
                105.26372250798475,
                103.00865786722407
            ],
            "accept_ratios": [
                0.592,
                0.742,
                0.824,
                0.864,
                0.88,
                0.904,
                0.914,
                0.924,
                0.928,
                0.928
            ]
        },
        "Forward-Always": {
            "costs": [
                58.17905155248107,
                58.7779430266658,
                58.98055653925064,
                59.056395246277816,
                59.199077800652496,
                59.34316432186053,
                59.36783689190028,
                59.428177746611354,
                59.38704133443387,
                59.41906584029257
            ],
            "accept_ratios": [
                0.178,
                0.312,
                0.394,
                0.45,
                0.494,
                0.558,
                0.606,
                0.636,
                0.656,
                0.688
            ]
        }
    }
}