{
    "Proposed": {
        "costs": [
            82.35829753725379,
            72.7556987682002,
            67.58431398448258,
            60.181357379319124,
            56.767290394657955,
            56.182525754157524,
            55.16058597039706,
            56.61973739553286,
            55.53221388031661,
            55.19661717026451
        ],
        "accept_ratios": [
            0.37,
            0.85,
            0.9,
            0.97,
            1.0,
            0.99,
            1.0,
            1.0,
            1.0,
            1.0
        ]
    },
    "Decode-Always": {
        "costs": [
            105.32083512294821,
            98.30850556036248,
            97.96887953511953,
            88.68862211333789,
            83.35015561227675,
            80.51582536575708,
            78.8765452773152,
            81.6713358054552,
            81.74428348578098,
            77.03740394528256
        ],
        "accept_ratios": [
            0.38,
            0.9,
            0.92,
            0.98,
            1.0,
            0.99,
            1.0,
            1.0,
            1.0,
            1.0
        ]
    },
    "Forward-Always": {
        "costs": [
            3.6352798785284546,
            4.141386700963223,
            4.55621514934461,
            4.556324281554829,
            4.706616709886223,
            4.584466029114437,
            4.934229911801035,
            4.886399294980602,
            4.842340530568194,
            4.670739335862747
        ],
        "accept_ratios": [
            0.13,
            0.47,
            0.56,
            0.76,
            0.83,
            0.83,
            0.94,
            0.91,
            0.96,
            0.98
        ]
    }
}