{
    "parameters": {
        "NUM_RUNS": 100,
        "DEFAULT_NUM_NODES": 500,
        "DEFAULT_AVG_DEGREE": 4,
        "DEFAULT_P_SUPER_SWITCH": 0.4,
        "FIBER_ATTENUATION_DB_PER_KM": 0.15,
        "AVG_LINK_LENGTH_KM": 2.0,
        "ERROR_RATE_LOW": 0.001,
        "ERROR_RATE_HIGH": 0.15,
        "EPSILON": 0.01,
        "ERROR_THRESHOLDS": [
            0.01,
            0.03666666666666667,
            0.06333333333333332,
            0.08999999999999998,
            0.11666666666666665,
            0.14333333333333334,
            0.16999999999999998,
            0.19666666666666666,
            0.22333333333333333,
            0.25
        ],
        "DISCRETIZATION_DELTA": [
            2.0000000000000002e-07,
            7.333333333333333e-07,
            1.2666666666666667e-06,
            1.7999999999999997e-06,
            2.333333333333333e-06,
            2.8666666666666666e-06,
            3.3999999999999996e-06,
            3.933333333333333e-06,
            4.4666666666666665e-06,
            5e-06
        ],
        "NUM_FLOWS_LIST": [
            5,
            10,
            15,
            20,
            25,
            30,
            35,
            40,
            45,
            50
        ],
        "MARKERS": [
            "o",
            "s",
            "d",
            "^",
            "v",
            "p"
        ],
        "LINESTYLES": [
            "-",
            "--",
            ":",
            "-."
        ],
        "COLORS": [
            "#1f77b4",
            "#ff7f0e",
            "#2ca02c",
            "#d62728",
            "#9467bd",
            "#8c564b"
        ],
        "RESULTS_DIR": "results"
    },
    "results": {
        "Proposed": {
            "costs": [
                165.14904382919516,
                120.16158374803305,
                116.83200978103568,
                93.6320053492932,
                101.33821953640438,
                93.59654611914411,
                80.8109322136312,
                93.38983384619101,
                80.93193495742365,
                76.71582492387074
            ],
            "accept_ratios": [
                0.47,
                0.6,
                0.62,
                0.67,
                0.73,
                0.73,
                0.79,
                0.83,
                0.89,
                0.88
            ]
        },
        "Decode-Always": {
            "costs": [
                175.56254419175642,
                154.68507558275473,
                147.35549613876594,
                141.88720399739606,
                133.34628248367892,
                136.94290583611308,
                113.11725194112462,
                123.50553505041127,
                119.9145088530096,
                103.96017280989979
            ],
            "accept_ratios": [
                0.57,
                0.77,
                0.74,
                0.78,
                0.86,
                0.87,
                0.9,
                0.88,
                0.95,
                0.9
            ]
        },
        "Forward-Always": {
            "costs": [
                8.713365846733359,
                8.114773330914154,
                7.850246281574505,
                7.663632650433789,
                7.988871316161022,
                8.46983287429735,
                8.618970140283578,
                9.08886117147904,
                8.877768586982025,
                8.73584984541775
            ],
            "accept_ratios": [
                0.07,
                0.18,
                0.18,
                0.22,
                0.23,
                0.31,
                0.38,
                0.28,
                0.42,
                0.46
            ]
        }
    }
}