{
    "parameters": {
        "NUM_RUNS": 10,
        "DEFAULT_NUM_NODES": 10,
        "DEFAULT_AVG_DEGREE": 4,
        "DEFAULT_P_SUPER_SWITCH": 0.4,
        "FIBER_ATTENUATION_DB_PER_KM": 0.15,
        "AVG_LINK_LENGTH_KM": 2.0,
        "ERROR_RATE_LOW": 0.001,
        "ERROR_RATE_HIGH": 0.15,
        "EPSILON": 0.01,
        "ERROR_THRESHOLDS": [
            0.01,
            0.03666666666666667,
            0.06333333333333332,
            0.08999999999999998,
            0.11666666666666665,
            0.14333333333333334,
            0.16999999999999998,
            0.19666666666666666,
            0.22333333333333333,
            0.25
        ],
        "DISCRETIZATION_DELTA": [
            1e-05,
            3.6666666666666666e-05,
            6.333333333333333e-05,
            8.999999999999999e-05,
            0.00011666666666666665,
            0.00014333333333333334,
            0.00016999999999999999,
            0.00019666666666666666,
            0.00022333333333333333,
            0.00025
        ],
        "POOL_SIZE": 3,
        "DEFAULT_R_THETA": 0.05,
        "DEFAULT_DELTA": 0.01,
        "NUM_FLOWS_LIST": [
            1,
            3,
            5,
            7,
            9
        ],
        "MARKERS": [
            "o",
            "s",
            "d",
            "^",
            "v",
            "p"
        ],
        "LINESTYLES": [
            "-",
            "--",
            ":",
            "-."
        ],
        "COLORS": [
            "#1f77b4",
            "#ff7f0e",
            "#2ca02c",
            "#d62728",
            "#9467bd",
            "#8c564b"
        ],
        "RESULTS_DIR": "results"
    },
    "results": {
        "Proposed": {
            "costs": [
                55.557798849604445,
                54.0428497633046,
                54.090166663594815,
                54.10555243787094,
                61.51104080767551,
                55.789919092295854,
                55.12192229024355,
                57.27164347689585,
                54.27518963012685,
                55.91342371728031
            ],
            "accept_ratios": [
                0.8,
                0.8,
                0.7,
                0.8,
                0.9,
                0.9,
                0.9,
                0.7,
                0.9,
                1.0
            ]
        },
        "Decode-Always": {
            "costs": [
                68.05779884960444,
                54.0428497633046,
                54.090166663594815,
                54.10555243787094,
                61.51131939898081,
                56.1513428543198,
                54.975741406449025,
                57.6647893584936,
                60.12167896287929,
                61.19843343596547
            ],
            "accept_ratios": [
                0.8,
                0.8,
                0.7,
                0.8,
                0.9,
                0.9,
                0.9,
                0.7,
                0.9,
                1.0
            ]
        },
        "Forward-Always": {
            "costs": [
                3.9275589274410443,
                4.0428497633045986,
                4.0233995671152405,
                3.6106876600497415,
                6.133877368302599,
                5.6569188448050545,
                4.401367482201094,
                7.317447273370616,
                4.275189630126856,
                4.85692540636978
            ],
            "accept_ratios": [
                0.5,
                0.8,
                0.6,
                0.7,
                0.8,
                0.8,
                0.7,
                0.5,
                0.9,
                0.9
            ]
        }
    }
}