{
    "Proposed": {
        "costs": [
            86.13359471210296,
            56.252469579043165,
            54.21211278829414,
            56.36758369454056,
            65.91961724397228,
            54.753493493493394,
            54.99257329511913,
            53.86089062529577,
            54.9059212071338,
            56.35171328211412
        ],
        "accept_ratios": [
            1.0,
            0.8,
            1.0,
            0.8,
            1.0,
            1.0,
            1.0,
            1.0,
            1.0,
            1.0
        ]
    },
    "Decode-Always": {
        "costs": [
            116.13359471210296,
            56.252469579043165,
            74.40199078782939,
            81.36758369454056,
            66.14409258695517,
            94.75349349349341,
            54.99257329511913,
            64.01065770056589,
            85.32889499697728,
            86.38674862161221
        ],
        "accept_ratios": [
            1.0,
            0.8,
            1.0,
            0.8,
            1.0,
            1.0,
            1.0,
            1.0,
            1.0,
            1.0
        ]
    },
    "Forward-Always": {
        "costs": [
            4.190726481110646,
            4.844255687231164,
            3.7595081244647126,
            4.0891264015142905,
            5.8177683508324085,
            4.7534934934934,
            4.992573295119131,
            3.8608906252957715,
            4.905921207133803,
            5.721703470415552
        ],
        "accept_ratios": [
            0.4,
            0.6,
            0.6,
            0.4,
            0.8,
            1.0,
            1.0,
            1.0,
            1.0,
            0.8
        ]
    }
}