{
    "parameters": {
        "NUM_RUNS": 500,
        "DEFAULT_NUM_NODES": 200,
        "DEFAULT_AVG_DEGREE": 4,
        "DEFAULT_P_SUPER_SWITCH": 0.4,
        "FIBER_ATTENUATION_DB_PER_KM": 0.15,
        "AVG_LINK_LENGTH_KM": 2.0,
        "ERROR_RATE_LOW": 0.001,
        "ERROR_RATE_HIGH": 0.15,
        "EPSILON": 0.01,
        "ERROR_THRESHOLDS": [
            0.01,
            0.03666666666666667,
            0.06333333333333332,
            0.08999999999999998,
            0.11666666666666665,
            0.14333333333333334,
            0.16999999999999998,
            0.19666666666666666,
            0.22333333333333333,
            0.25
        ],
        "DISCRETIZATION_DELTA": [
            5e-07,
            1.8333333333333333e-06,
            3.1666666666666663e-06,
            4.499999999999999e-06,
            5.833333333333333e-06,
            7.166666666666667e-06,
            8.5e-06,
            9.833333333333333e-06,
            1.1166666666666666e-05,
            1.25e-05
        ],
        "POOL_SIZE": 3,
        "DEFAULT_R_THETA": 0.05,
        "DEFAULT_DELTA": 0.01,
        "NUM_FLOWS_LIST": [
            1,
            3,
            5,
            7,
            9
        ],
        "MARKERS": [
            "o",
            "s",
            "d",
            "^",
            "v",
            "p"
        ],
        "LINESTYLES": [
            "-",
            "--",
            ":",
            "-."
        ],
        "COLORS": [
            "#1f77b4",
            "#ff7f0e",
            "#2ca02c",
            "#d62728",
            "#9467bd",
            "#8c564b"
        ],
        "RESULTS_DIR": "results"
    },
    "results": {
        "Proposed": {
            "costs": [
                109.07330472200829,
                104.20115173164392,
                98.48287666692698,
                89.03407766804376,
                85.3217296897726,
                84.00698682844056,
                78.85167926719225,
                76.8470405216817,
                75.25301118617071,
                77.69344206183588
            ],
            "accept_ratios": [
                0.496,
                0.652,
                0.72,
                0.778,
                0.79,
                0.794,
                0.826,
                0.858,
                0.856,
                0.888
            ]
        },
        "Decode-Always": {
            "costs": [
                141.0204456823283,
                134.84635968681374,
                128.18758927654662,
                121.0893935514011,
                113.3789333374661,
                109.16369216961192,
                107.91397272285616,
                106.84033359748081,
                103.37297510140834,
                105.9628671002438
            ],
            "accept_ratios": [
                0.588,
                0.742,
                0.812,
                0.862,
                0.87,
                0.88,
                0.914,
                0.908,
                0.9,
                0.916
            ]
        },
        "Forward-Always": {
            "costs": [
                58.35052480310652,
                58.79779775281308,
                59.29620074859555,
                59.00037825402685,
                58.822030887778865,
                59.19242972956466,
                59.04942343105552,
                58.99277027046496,
                59.26788744259314,
                59.24974375541376
            ],
            "accept_ratios": [
                0.238,
                0.354,
                0.42,
                0.516,
                0.534,
                0.548,
                0.626,
                0.662,
                0.678,
                0.69
            ]
        }
    }
}