{
    "Proposed": {
        "costs": [
            88.28048240138153,
            94.4483227801398,
            77.92702757211346,
            68.31828302548112,
            67.05321791720264,
            58.928138138270896,
            59.511058469440776,
            59.906541743511795,
            58.87230242901874,
            58.367565294026406
        ],
        "accept_ratios": [
            0.18,
            0.35,
            0.61,
            0.79,
            0.82,
            0.92,
            0.98,
            0.99,
            1.0,
            1.0
        ]
    },
    "Decode-Always": {
        "costs": [
            100.2688398037965,
            114.76917715315882,
            105.35596262650367,
            93.18738598737669,
            92.9293528004502,
            80.18579513606966,
            85.60772260906404,
            76.52326247676793,
            75.25919397871954,
            73.1716216477402
        ],
        "accept_ratios": [
            0.19,
            0.42,
            0.71,
            0.82,
            0.83,
            0.94,
            0.98,
            0.98,
            1.0,
            1.0
        ]
    },
    "Forward-Always": {
        "costs": [
            5.270750878054715,
            4.987990565251616,
            5.838695061503083,
            6.521429307611327,
            7.12838001010151,
            6.890301417900377,
            7.074594110096452,
            7.2049158066649674,
            7.3426216926997006,
            7.467076496517235
        ],
        "accept_ratios": [
            0.08,
            0.14,
            0.26,
            0.5,
            0.51,
            0.71,
            0.77,
            0.84,
            0.88,
            0.9
        ]
    }
}