{
    "parameters": {
        "NUM_RUNS": 100,
        "DEFAULT_NUM_NODES": 100,
        "DEFAULT_AVG_DEGREE": 4,
        "DEFAULT_P_SUPER_SWITCH": 0.4,
        "FIBER_ATTENUATION_DB_PER_KM": 0.15,
        "AVG_LINK_LENGTH_KM": 2.0,
        "ERROR_RATE_LOW": 0.001,
        "ERROR_RATE_HIGH": 0.15,
        "EPSILON": 0.01,
        "ERROR_THRESHOLDS": [
            0.01,
            0.03666666666666667,
            0.06333333333333332,
            0.08999999999999998,
            0.11666666666666665,
            0.14333333333333334,
            0.16999999999999998,
            0.19666666666666666,
            0.22333333333333333,
            0.25
        ],
        "DISCRETIZATION_DELTA": [
            1e-06,
            3.6666666666666666e-06,
            6.3333333333333326e-06,
            8.999999999999999e-06,
            1.1666666666666666e-05,
            1.4333333333333334e-05,
            1.7e-05,
            1.9666666666666666e-05,
            2.2333333333333332e-05,
            2.5e-05
        ],
        "POOL_SIZE": 3,
        "DEFAULT_R_THETA": 0.05,
        "DEFAULT_DELTA": 0.01,
        "NUM_FLOWS_LIST": [
            1,
            3,
            5,
            7,
            9
        ],
        "MARKERS": [
            "o",
            "s",
            "d",
            "^",
            "v",
            "p"
        ],
        "LINESTYLES": [
            "-",
            "--",
            ":",
            "-."
        ],
        "COLORS": [
            "#1f77b4",
            "#ff7f0e",
            "#2ca02c",
            "#d62728",
            "#9467bd",
            "#8c564b"
        ],
        "RESULTS_DIR": "results"
    },
    "results": {
        "Proposed": {
            "costs": [
                106.20651785165103,
                88.05397866486068,
                80.23423562818863,
                78.4978904141631,
                81.40286940512689,
                70.49532354503887,
                71.45794046940298,
                71.58170460015668,
                69.97861418212572,
                73.43390355321576
            ],
            "accept_ratios": [
                0.5,
                0.7,
                0.73,
                0.87,
                0.76,
                0.78,
                0.85,
                0.88,
                0.85,
                0.93
            ]
        },
        "Decode-Always": {
            "costs": [
                126.81033936104052,
                115.98691501885598,
                106.15889179743648,
                102.46513287436318,
                115.44539238150594,
                96.38704233460649,
                93.40122710826809,
                100.56697584601643,
                89.6537328217031,
                98.84663405813819
            ],
            "accept_ratios": [
                0.58,
                0.78,
                0.85,
                0.88,
                0.86,
                0.87,
                0.88,
                0.92,
                0.89,
                0.91
            ]
        },
        "Forward-Always": {
            "costs": [
                57.508737171951715,
                57.6920913520042,
                57.936786779616455,
                57.885117725051394,
                58.93267370421091,
                57.23727848017354,
                58.13577734337162,
                58.23694035547366,
                58.29202309082995,
                58.300262697379935
            ],
            "accept_ratios": [
                0.25,
                0.47,
                0.52,
                0.67,
                0.5,
                0.62,
                0.73,
                0.73,
                0.73,
                0.69
            ]
        }
    }
}