{
    "parameters": {
        "NUM_RUNS": 100,
        "DEFAULT_NUM_NODES": 500,
        "DEFAULT_AVG_DEGREE": 4,
        "DEFAULT_P_SUPER_SWITCH": 0.4,
        "FIBER_ATTENUATION_DB_PER_KM": 0.15,
        "AVG_LINK_LENGTH_KM": 2.0,
        "ERROR_RATE_LOW": 0.001,
        "ERROR_RATE_HIGH": 0.15,
        "EPSILON": 0.01,
        "ERROR_THRESHOLDS": [
            0.01,
            0.03666666666666667,
            0.06333333333333332,
            0.08999999999999998,
            0.11666666666666665,
            0.14333333333333334,
            0.16999999999999998,
            0.19666666666666666,
            0.22333333333333333,
            0.25
        ],
        "DISCRETIZATION_DELTA": [
            2.0000000000000002e-07,
            7.333333333333333e-07,
            1.2666666666666667e-06,
            1.7999999999999997e-06,
            2.333333333333333e-06,
            2.8666666666666666e-06,
            3.3999999999999996e-06,
            3.933333333333333e-06,
            4.4666666666666665e-06,
            5e-06
        ],
        "POOL_SIZE": 5,
        "DEFAULT_R_THETA": 0.05,
        "DEFAULT_DELTA": 0.0001,
        "NUM_FLOWS_LIST": [
            5,
            10,
            15,
            20,
            25,
            30,
            35,
            40,
            45,
            50
        ],
        "NODE_SIZES_FOR_SCALABILITY": [
            20,
            80,
            160,
            240,
            320,
            400
        ],
        "SCHEME_COUNTS_FOR_SCALABILITY": [
            1,
            2,
            3,
            4
        ],
        "DEFAULT_NUM_NODES_FOR_SCALABILITY": 100,
        "MARKERS": [
            "o",
            "s",
            "d",
            "^",
            "v",
            "p"
        ],
        "LINESTYLES": [
            "-",
            "--",
            ":",
            "-."
        ],
        "COLORS": [
            "#1f77b4",
            "#ff7f0e",
            "#2ca02c",
            "#d62728",
            "#9467bd",
            "#8c564b"
        ],
        "RESULTS_DIR": "results"
    },
    "results": {
        "Proposed": {
            "costs": [
                161.63682603233843,
                154.86901666447167,
                128.32383232934046,
                115.8269785173641,
                110.61259415502292,
                114.305679391344,
                102.61066031996299,
                94.48181537534794,
                90.81327209070984,
                86.57924165594663
            ],
            "accept_ratios": [
                0.51,
                0.65,
                0.7,
                0.72,
                0.72,
                0.75,
                0.77,
                0.82,
                0.85,
                0.87
            ]
        },
        "Decode-Always": {
            "costs": [
                195.18865738335742,
                165.90509184216256,
                146.16321731887936,
                140.04409704313449,
                136.5676757327488,
                132.15046142208482,
                130.28062358800054,
                125.27551585820142,
                123.26549831248872,
                122.01048874853078
            ],
            "accept_ratios": [
                0.6,
                0.78,
                0.84,
                0.87,
                0.9,
                0.93,
                0.94,
                0.96,
                0.97,
                0.98
            ]
        },
        "Forward-Always": {
            "costs": [
                59.45315806781476,
                60.62479508758126,
                60.26173467231745,
                60.27293877990701,
                60.15207520330605,
                60.219215737995235,
                60.19300658162112,
                60.117395881416414,
                60.238618205983904,
                60.1427754344745
            ],
            "accept_ratios": [
                0.14,
                0.23,
                0.28,
                0.33,
                0.34,
                0.41,
                0.45,
                0.51,
                0.54,
                0.58
            ]
        }
    }
}