{
    "parameters": {
        "NUM_RUNS": 100,
        "DEFAULT_NUM_NODES": 50,
        "DEFAULT_AVG_DEGREE": 4,
        "DEFAULT_P_SUPER_SWITCH": 0.4,
        "FIBER_ATTENUATION_DB_PER_KM": 0.15,
        "AVG_LINK_LENGTH_KM": 2.0,
        "ERROR_RATE_LOW": 0.001,
        "ERROR_RATE_HIGH": 0.15,
        "EPSILON": 0.01,
        "ERROR_THRESHOLDS": [
            0.01,
            0.03666666666666667,
            0.06333333333333332,
            0.08999999999999998,
            0.11666666666666665,
            0.14333333333333334,
            0.16999999999999998,
            0.19666666666666666,
            0.22333333333333333,
            0.25
        ],
        "DISCRETIZATION_DELTA": [
            2e-06,
            7.333333333333333e-06,
            1.2666666666666665e-05,
            1.7999999999999997e-05,
            2.3333333333333332e-05,
            2.8666666666666668e-05,
            3.4e-05,
            3.933333333333333e-05,
            4.4666666666666664e-05,
            5e-05
        ],
        "POOL_SIZE": 3,
        "DEFAULT_R_THETA": 0.05,
        "DEFAULT_DELTA": 0.01,
        "NUM_FLOWS_LIST": [
            1,
            3,
            5,
            7,
            9
        ],
        "MARKERS": [
            "o",
            "s",
            "d",
            "^",
            "v",
            "p"
        ],
        "LINESTYLES": [
            "-",
            "--",
            ":",
            "-."
        ],
        "COLORS": [
            "#1f77b4",
            "#ff7f0e",
            "#2ca02c",
            "#d62728",
            "#9467bd",
            "#8c564b"
        ],
        "RESULTS_DIR": "results"
    },
    "results": {
        "Proposed": {
            "costs": [
                79.86932211495731,
                79.78374869844627,
                70.62786183995647,
                72.01814107225248,
                70.46641378841866,
                68.8474007905229,
                70.29652750285842,
                63.7361177485842,
                62.58325647735598,
                65.50486749534028
            ],
            "accept_ratios": [
                0.57,
                0.76,
                0.84,
                0.83,
                0.81,
                0.87,
                0.92,
                0.84,
                0.95,
                0.93
            ]
        },
        "Decode-Always": {
            "costs": [
                105.52362231637778,
                107.48509838029615,
                96.37914148149248,
                91.7984922376576,
                91.82522525708633,
                96.50826199263287,
                91.70034793431543,
                89.62316239456155,
                88.02069487591932,
                89.13169378841117
            ],
            "accept_ratios": [
                0.64,
                0.83,
                0.86,
                0.88,
                0.88,
                0.93,
                0.92,
                0.89,
                0.96,
                0.93
            ]
        },
        "Forward-Always": {
            "costs": [
                57.0085604690326,
                57.425989655564756,
                57.13888282789057,
                57.40006952919287,
                57.46586468113248,
                57.729004560973664,
                57.46889090041471,
                58.00788670913635,
                57.836691083985784,
                57.45139668026498
            ],
            "accept_ratios": [
                0.41,
                0.51,
                0.65,
                0.68,
                0.66,
                0.72,
                0.75,
                0.76,
                0.87,
                0.81
            ]
        }
    }
}