{
    "parameters": {
        "NUM_RUNS": 10,
        "DEFAULT_NUM_NODES": 50,
        "DEFAULT_AVG_DEGREE": 4,
        "DEFAULT_P_SUPER_SWITCH": 0.4,
        "FIBER_ATTENUATION_DB_PER_KM": 0.15,
        "AVG_LINK_LENGTH_KM": 2.0,
        "ERROR_RATE_LOW": 0.001,
        "ERROR_RATE_HIGH": 0.15,
        "EPSILON": 0.01,
        "ERROR_THRESHOLDS": [
            0.01,
            0.03666666666666667,
            0.06333333333333332,
            0.08999999999999998,
            0.11666666666666665,
            0.14333333333333334,
            0.16999999999999998,
            0.19666666666666666,
            0.22333333333333333,
            0.25
        ],
        "DISCRETIZATION_DELTA": [
            2e-06,
            7.333333333333333e-06,
            1.2666666666666665e-05,
            1.7999999999999997e-05,
            2.3333333333333332e-05,
            2.8666666666666668e-05,
            3.4e-05,
            3.933333333333333e-05,
            4.4666666666666664e-05,
            5e-05
        ],
        "NUM_FLOWS_LIST": [
            5,
            10,
            15,
            20,
            25,
            30,
            35,
            40,
            45,
            50
        ],
        "MARKERS": [
            "o",
            "s",
            "d",
            "^",
            "v",
            "p"
        ],
        "LINESTYLES": [
            "-",
            "--",
            ":",
            "-."
        ],
        "COLORS": [
            "#1f77b4",
            "#ff7f0e",
            "#2ca02c",
            "#d62728",
            "#9467bd",
            "#8c564b"
        ],
        "RESULTS_DIR": "results"
    },
    "results": {
        "Proposed (Multi-Scheme d=5,7,9)": {
            "costs": [
                21.710243047178235,
                32.68979587118552,
                21.69902732244953,
                14.385933650998936,
                17.523523548018797,
                16.296597802087614,
                20.173688245087654,
                14.486567212662985,
                18.428366149024896,
                22.234137723633744
            ],
            "accept_ratios": [
                0.8,
                0.7,
                0.4,
                0.9,
                0.9,
                1.0,
                1.0,
                0.9,
                1.0,
                0.8
            ]
        },
        "Single-Scheme (d=5)": {
            "costs": [
                14.371526550278416,
                19.647450918221796,
                21.69902732244953,
                15.052600317665602,
                17.897574744510415,
                16.687518647908558,
                15.292446060561227,
                14.756312098610238,
                18.428366149024896,
                22.234137723633744
            ],
            "accept_ratios": [
                0.6,
                0.3,
                0.4,
                0.9,
                0.9,
                0.9,
                0.9,
                0.9,
                1.0,
                0.8
            ]
        },
        "Single-Scheme (d=7)": {
            "costs": [
                18.503617706663274,
                25.16301236469375,
                24.69902732244953,
                16.163711428776715,
                19.523523548018797,
                17.860068385492085,
                17.29244606056123,
                16.26434499044076,
                21.228366149024897,
                25.484137723633744
            ],
            "accept_ratios": [
                0.7,
                0.5,
                0.4,
                0.9,
                0.9,
                1.0,
                0.9,
                0.9,
                1.0,
                0.8
            ]
        },
        "Single-Scheme (d=9)": {
            "costs": [
                63.21024304717823,
                71.72611160606124,
                84.68346243905151,
                56.163711428776715,
                63.96796799246325,
                61.860068385492085,
                57.97368824508767,
                60.70878943488521,
                77.2283661490249,
                90.48413772363375
            ],
            "accept_ratios": [
                0.8,
                0.7,
                0.4,
                0.9,
                0.9,
                1.0,
                1.0,
                0.9,
                1.0,
                0.8
            ]
        }
    }
}