{
    "parameters": {
        "NUM_RUNS": 20,
        "DEFAULT_NUM_NODES": 50,
        "DEFAULT_AVG_DEGREE": 4,
        "DEFAULT_P_SUPER_SWITCH": 0.4,
        "FIBER_ATTENUATION_DB_PER_KM": 0.15,
        "AVG_LINK_LENGTH_KM": 2.0,
        "ERROR_RATE_LOW": 0.001,
        "ERROR_RATE_HIGH": 0.15,
        "EPSILON": 0.01,
        "ERROR_THRESHOLDS": [
            0.01,
            0.03666666666666667,
            0.06333333333333332,
            0.08999999999999998,
            0.11666666666666665,
            0.14333333333333334,
            0.16999999999999998,
            0.19666666666666666,
            0.22333333333333333,
            0.25
        ],
        "DISCRETIZATION_DELTA": [
            2e-06,
            7.333333333333333e-06,
            1.2666666666666665e-05,
            1.7999999999999997e-05,
            2.3333333333333332e-05,
            2.8666666666666668e-05,
            3.4e-05,
            3.933333333333333e-05,
            4.4666666666666664e-05,
            5e-05
        ],
        "POOL_SIZE": 3,
        "DEFAULT_R_THETA": 0.05,
        "DEFAULT_DELTA": 0.01,
        "NUM_FLOWS_LIST": [
            1,
            3,
            5,
            7,
            9
        ],
        "MARKERS": [
            "o",
            "s",
            "d",
            "^",
            "v",
            "p"
        ],
        "LINESTYLES": [
            "-",
            "--",
            ":",
            "-."
        ],
        "COLORS": [
            "#1f77b4",
            "#ff7f0e",
            "#2ca02c",
            "#d62728",
            "#9467bd",
            "#8c564b"
        ],
        "RESULTS_DIR": "results"
    },
    "results": {
        "Proposed": {
            "costs": [
                61.28297449084706,
                74.9437511981822,
                81.07900828409886,
                70.51535433560673,
                66.70747990708195,
                62.385228130846194,
                59.39076945665754,
                62.43308725027509,
                63.6051808907708,
                57.708905682177146
            ],
            "accept_ratios": [
                0.45,
                0.75,
                0.75,
                1.0,
                0.85,
                0.95,
                0.95,
                0.9,
                0.95,
                1.0
            ]
        },
        "Decode-Always": {
            "costs": [
                86.79790367096153,
                93.92785823574711,
                89.77296838287421,
                97.89684322444806,
                87.25008708551586,
                85.9929972134355,
                84.61461610701811,
                76.45123395986028,
                81.11330595093568,
                93.17539779994998
            ],
            "accept_ratios": [
                0.5,
                0.7,
                0.8,
                1.0,
                0.85,
                0.95,
                0.9,
                0.9,
                1.0,
                1.0
            ]
        },
        "Forward-Always": {
            "costs": [
                5.009416929764169,
                7.155043469369819,
                4.995975456211969,
                5.916283132198666,
                6.9117685109832605,
                5.178500436936219,
                5.208469400276447,
                6.4514495482031755,
                7.1894766013654365,
                6.831754748916842
            ],
            "accept_ratios": [
                0.3,
                0.45,
                0.4,
                0.5,
                0.7,
                0.7,
                0.65,
                0.75,
                0.55,
                0.75
            ]
        }
    }
}