{
    "parameters": {
        "NUM_RUNS": 10,
        "DEFAULT_NUM_NODES": 10,
        "DEFAULT_AVG_DEGREE": 4,
        "DEFAULT_P_SUPER_SWITCH": 0.4,
        "FIBER_ATTENUATION_DB_PER_KM": 0.15,
        "AVG_LINK_LENGTH_KM": 2.0,
        "ERROR_RATE_LOW": 0.001,
        "ERROR_RATE_HIGH": 0.15,
        "EPSILON": 0.01,
        "ERROR_THRESHOLDS": [
            0.01,
            0.03666666666666667,
            0.06333333333333332,
            0.08999999999999998,
            0.11666666666666665,
            0.14333333333333334,
            0.16999999999999998,
            0.19666666666666666,
            0.22333333333333333,
            0.25
        ],
        "DISCRETIZATION_DELTA": [
            1e-05,
            3.6666666666666666e-05,
            6.333333333333333e-05,
            8.999999999999999e-05,
            0.00011666666666666665,
            0.00014333333333333334,
            0.00016999999999999999,
            0.00019666666666666666,
            0.00022333333333333333,
            0.00025
        ],
        "POOL_SIZE": 3,
        "DEFAULT_R_THETA": 0.05,
        "DEFAULT_DELTA": 0.01,
        "NUM_FLOWS_LIST": [
            1,
            3,
            5,
            7,
            9
        ],
        "MARKERS": [
            "o",
            "s",
            "d",
            "^",
            "v",
            "p"
        ],
        "LINESTYLES": [
            "-",
            "--",
            ":",
            "-."
        ],
        "COLORS": [
            "#1f77b4",
            "#ff7f0e",
            "#2ca02c",
            "#d62728",
            "#9467bd",
            "#8c564b"
        ],
        "RESULTS_DIR": "results"
    },
    "results": {
        "Proposed": {
            "costs": [
                56.23134861896972,
                54.71662820009836,
                64.18944324050437,
                59.758465339087785,
                59.73666827364127,
                54.02599206575807,
                54.487045458066184,
                56.274031972405545,
                55.38959338889593,
                54.42304628021591
            ],
            "accept_ratios": [
                0.6,
                0.8,
                0.7,
                0.9,
                1.0,
                0.8,
                0.9,
                0.9,
                1.0,
                1.0
            ]
        },
        "Decode-Always": {
            "costs": [
                70.25382214215726,
                67.21662820009837,
                71.47898286536402,
                59.749514703456235,
                64.73666827364126,
                54.02599206575807,
                59.92646740380438,
                67.38514308351667,
                60.38959338889593,
                74.53875458403675
            ],
            "accept_ratios": [
                0.7,
                0.8,
                0.7,
                0.8,
                1.0,
                0.8,
                1.0,
                0.9,
                1.0,
                1.0
            ]
        },
        "Forward-Always": {
            "costs": [
                5.857505852695927,
                3.383721817426971,
                5.668281354855772,
                2.772746256566746,
                3.864776604725837,
                4.025992065758066,
                4.384552455070058,
                3.222281121644803,
                4.706510193332553,
                4.174165922882603
            ],
            "accept_ratios": [
                0.3,
                0.5,
                0.4,
                0.6,
                0.8,
                0.8,
                0.8,
                0.5,
                0.8,
                0.8
            ]
        }
    }
}