{
    "parameters": {
        "NUM_RUNS": 20,
        "DEFAULT_NUM_NODES": 20,
        "DEFAULT_AVG_DEGREE": 4,
        "DEFAULT_P_SUPER_SWITCH": 0.8,
        "FIBER_ATTENUATION_DB_PER_KM": 0.15,
        "AVG_LINK_LENGTH_KM": 2.0,
        "ERROR_RATE_LOW": 0.001,
        "ERROR_RATE_HIGH": 0.15,
        "EPSILON": 0.01,
        "ERROR_THRESHOLDS": [
            0.01,
            0.03666666666666667,
            0.06333333333333332,
            0.08999999999999998,
            0.11666666666666665,
            0.14333333333333334,
            0.16999999999999998,
            0.19666666666666666,
            0.22333333333333333,
            0.25
        ],
        "DISCRETIZATION_DELTA": [
            5e-06,
            1.8333333333333333e-05,
            3.1666666666666666e-05,
            4.4999999999999996e-05,
            5.8333333333333326e-05,
            7.166666666666667e-05,
            8.499999999999999e-05,
            9.833333333333333e-05,
            0.00011166666666666667,
            0.000125
        ],
        "NUM_FLOWS_LIST": [
            5,
            10,
            15,
            20,
            25,
            30,
            35,
            40,
            45,
            50
        ],
        "MARKERS": [
            "o",
            "s",
            "d",
            "^",
            "v",
            "p"
        ],
        "LINESTYLES": [
            "-",
            "--",
            ":",
            "-."
        ],
        "COLORS": [
            "#1f77b4",
            "#ff7f0e",
            "#2ca02c",
            "#d62728",
            "#9467bd",
            "#8c564b"
        ],
        "RESULTS_DIR": "results"
    },
    "results": {
        "Proposed": {
            "costs": [
                76.78701092864651,
                68.89651755353133,
                64.60295991344819,
                68.83938965581909,
                71.80383040053725,
                63.67449198721455,
                56.45811112020912,
                60.582809203217565,
                66.49013499720664,
                56.06398924007514
            ],
            "accept_ratios": [
                0.9,
                0.8,
                0.95,
                0.95,
                1.0,
                1.0,
                1.0,
                1.0,
                1.0,
                1.0
            ]
        },
        "Decode-Always": {
            "costs": [
                115.35602527337755,
                106.48325330077311,
                94.55021023846183,
                95.77951959124337,
                104.34025055744601,
                111.01132654704729,
                96.242600933861,
                90.75523342867129,
                98.4683083322684,
                88.89059333566136
            ],
            "accept_ratios": [
                0.9,
                0.85,
                1.0,
                1.0,
                1.0,
                1.0,
                1.0,
                1.0,
                1.0,
                1.0
            ]
        },
        "Forward-Always": {
            "costs": [
                5.10588489471317,
                5.032268267063849,
                5.233072230383095,
                4.58925884360437,
                6.126564815488957,
                4.684694071566014,
                5.782696259966535,
                4.7969920912622985,
                5.078613093637098,
                5.040319593935138
            ],
            "accept_ratios": [
                0.4,
                0.5,
                0.6,
                0.6,
                0.7,
                0.7,
                0.8,
                0.8,
                0.6,
                0.75
            ]
        }
    }
}