{
    "parameters": {
        "NUM_RUNS": 100,
        "DEFAULT_NUM_NODES": 500,
        "DEFAULT_AVG_DEGREE": 4,
        "DEFAULT_P_SUPER_SWITCH": 0.4,
        "FIBER_ATTENUATION_DB_PER_KM": 0.15,
        "AVG_LINK_LENGTH_KM": 2.0,
        "ERROR_RATE_LOW": 0.001,
        "ERROR_RATE_HIGH": 0.15,
        "EPSILON": 0.01,
        "ERROR_THRESHOLDS": [
            0.01,
            0.03666666666666667,
            0.06333333333333332,
            0.08999999999999998,
            0.11666666666666665,
            0.14333333333333334,
            0.16999999999999998,
            0.19666666666666666,
            0.22333333333333333,
            0.25
        ],
        "DISCRETIZATION_DELTA": [
            2.0000000000000002e-07,
            7.333333333333333e-07,
            1.2666666666666667e-06,
            1.7999999999999997e-06,
            2.333333333333333e-06,
            2.8666666666666666e-06,
            3.3999999999999996e-06,
            3.933333333333333e-06,
            4.4666666666666665e-06,
            5e-06
        ],
        "POOL_SIZE": 5,
        "DEFAULT_R_THETA": 0.05,
        "DEFAULT_DELTA": 0.0001,
        "NUM_FLOWS_LIST": [
            1,
            2,
            3,
            4,
            5,
            6,
            7,
            8,
            9,
            10
        ],
        "MARKERS": [
            "o",
            "s",
            "d",
            "^",
            "v",
            "p"
        ],
        "LINESTYLES": [
            "-",
            "--",
            ":",
            "-."
        ],
        "COLORS": [
            "#1f77b4",
            "#ff7f0e",
            "#2ca02c",
            "#d62728",
            "#9467bd",
            "#8c564b"
        ],
        "RESULTS_DIR": "results"
    },
    "results": {
        "Proposed (LP)": {
            "max_congestion": [
                1.0555555555555556,
                1.125,
                1.1702127659574468,
                1.2448979591836735,
                1.2828282828282829,
                1.34,
                1.4,
                1.47,
                1.55,
                1.59
            ],
            "acceptance_ratio": [
                0.72,
                0.68,
                0.6799999999999998,
                0.7025,
                0.6899999999999998,
                0.6966666666666668,
                0.7028571428571426,
                0.6925,
                0.6933333333333335,
                0.698
            ]
        },
        "Greedy-Assignment": {
            "max_congestion": [
                1.0,
                1.0568181818181819,
                1.1170212765957446,
                1.2244897959183674,
                1.3131313131313131,
                1.4,
                1.51,
                1.64,
                1.75,
                1.79
            ],
            "acceptance_ratio": [
                0.72,
                0.68,
                0.6799999999999998,
                0.7025,
                0.6899999999999998,
                0.6966666666666668,
                0.7028571428571426,
                0.6925,
                0.6933333333333335,
                0.698
            ]
        },
        "Shortest-Path-First": {
            "max_congestion": [
                1.0,
                1.0,
                1.0,
                1.0566037735849056,
                1.0677966101694916,
                1.078125,
                1.0735294117647058,
                1.0972222222222223,
                1.0886075949367089,
                1.0975609756097562
            ],
            "acceptance_ratio": [
                0.13,
                0.16,
                0.15666666666666665,
                0.175,
                0.16999999999999996,
                0.16,
                0.15714285714285714,
                0.15375,
                0.15888888888888889,
                0.166
            ]
        }
    }
}