{
    "parameters": {
        "NUM_RUNS": 100,
        "DEFAULT_NUM_NODES": 200,
        "DEFAULT_AVG_DEGREE": 4,
        "DEFAULT_P_SUPER_SWITCH": 0.4,
        "FIBER_ATTENUATION_DB_PER_KM": 0.15,
        "AVG_LINK_LENGTH_KM": 2.0,
        "ERROR_RATE_LOW": 0.001,
        "ERROR_RATE_HIGH": 0.15,
        "EPSILON": 0.01,
        "ERROR_THRESHOLDS": [
            0.01,
            0.03666666666666667,
            0.06333333333333332,
            0.08999999999999998,
            0.11666666666666665,
            0.14333333333333334,
            0.16999999999999998,
            0.19666666666666666,
            0.22333333333333333,
            0.25
        ],
        "DISCRETIZATION_DELTA": [
            5e-07,
            1.8333333333333333e-06,
            3.1666666666666663e-06,
            4.499999999999999e-06,
            5.833333333333333e-06,
            7.166666666666667e-06,
            8.5e-06,
            9.833333333333333e-06,
            1.1166666666666666e-05,
            1.25e-05
        ],
        "POOL_SIZE": 3,
        "DEFAULT_R_THETA": 0.05,
        "DEFAULT_DELTA": 0.01,
        "NUM_FLOWS_LIST": [
            1,
            3,
            5,
            7,
            9
        ],
        "MARKERS": [
            "o",
            "s",
            "d",
            "^",
            "v",
            "p"
        ],
        "LINESTYLES": [
            "-",
            "--",
            ":",
            "-."
        ],
        "COLORS": [
            "#1f77b4",
            "#ff7f0e",
            "#2ca02c",
            "#d62728",
            "#9467bd",
            "#8c564b"
        ],
        "RESULTS_DIR": "results"
    },
    "results": {
        "Proposed": {
            "costs": [
                139.36872305527038,
                110.08692313927878,
                96.58651062598813,
                94.20637836283697,
                82.85984303868764,
                87.76551441590742,
                68.91346815331721,
                75.35077121287891,
                75.04574169234108,
                79.81979948674568
            ],
            "accept_ratios": [
                0.44,
                0.68,
                0.65,
                0.82,
                0.78,
                0.85,
                0.83,
                0.88,
                0.84,
                0.93
            ]
        },
        "Decode-Always": {
            "costs": [
                156.45802829068083,
                134.97181328090466,
                125.38386472825142,
                126.38878411281794,
                108.37951718514044,
                114.54135449619926,
                104.0939021113312,
                110.74454917897963,
                100.92529733160421,
                103.01778876035164
            ],
            "accept_ratios": [
                0.58,
                0.81,
                0.75,
                0.91,
                0.85,
                0.92,
                0.95,
                0.94,
                0.92,
                0.98
            ]
        },
        "Forward-Always": {
            "costs": [
                5.971059125153184,
                7.982608563874596,
                6.7239285125096515,
                8.011044815355888,
                7.737818267456931,
                7.970021961989856,
                7.407869105847543,
                8.02278837699356,
                7.64974334887621,
                7.585568807096829
            ],
            "accept_ratios": [
                0.13,
                0.19,
                0.24,
                0.28,
                0.28,
                0.39,
                0.48,
                0.34,
                0.45,
                0.44
            ]
        }
    }
}