{
    "parameters": {
        "NUM_RUNS": 100,
        "DEFAULT_NUM_NODES": 50,
        "DEFAULT_AVG_DEGREE": 4,
        "DEFAULT_P_SUPER_SWITCH": 0.4,
        "FIBER_ATTENUATION_DB_PER_KM": 0.15,
        "AVG_LINK_LENGTH_KM": 2.0,
        "ERROR_RATE_LOW": 0.001,
        "ERROR_RATE_HIGH": 0.15,
        "EPSILON": 0.01,
        "ERROR_THRESHOLDS": [
            0.01,
            0.03666666666666667,
            0.06333333333333332,
            0.08999999999999998,
            0.11666666666666665,
            0.14333333333333334,
            0.16999999999999998,
            0.19666666666666666,
            0.22333333333333333,
            0.25
        ],
        "DISCRETIZATION_DELTA": [
            2e-06,
            7.333333333333333e-06,
            1.2666666666666665e-05,
            1.7999999999999997e-05,
            2.3333333333333332e-05,
            2.8666666666666668e-05,
            3.4e-05,
            3.933333333333333e-05,
            4.4666666666666664e-05,
            5e-05
        ],
        "NUM_FLOWS_LIST": [
            5,
            10,
            15,
            20,
            25,
            30,
            35,
            40,
            45,
            50
        ],
        "MARKERS": [
            "o",
            "s",
            "d",
            "^",
            "v",
            "p"
        ],
        "LINESTYLES": [
            "-",
            "--",
            ":",
            "-."
        ],
        "COLORS": [
            "#1f77b4",
            "#ff7f0e",
            "#2ca02c",
            "#d62728",
            "#9467bd",
            "#8c564b"
        ],
        "RESULTS_DIR": "results"
    },
    "results": {
        "Proposed (Multi-Scheme d=5,7,9)": {
            "costs": [
                35.013092063900324,
                25.45616261320947,
                26.651821992902843,
                20.35144556129292,
                21.081456221478437,
                19.77834412145882,
                18.408143331410173,
                18.599035580166024,
                17.129560912160244,
                17.180047755470124
            ],
            "accept_ratios": [
                0.49,
                0.88,
                0.85,
                0.8,
                0.86,
                0.87,
                0.91,
                0.9,
                0.93,
                0.93
            ]
        },
        "Single-Scheme (d=5)": {
            "costs": [
                18.89478769695177,
                21.167423656868795,
                22.138503288691286,
                19.527250348295198,
                18.34772578698129,
                18.425036831464922,
                17.298583438676,
                16.751290129129128,
                17.037457495465574,
                16.542031785569478
            ],
            "accept_ratios": [
                0.25,
                0.6,
                0.72,
                0.67,
                0.79,
                0.8,
                0.88,
                0.86,
                0.92,
                0.91
            ]
        },
        "Single-Scheme (d=7)": {
            "costs": [
                24.863783577693543,
                22.74895121793204,
                23.510456055041573,
                21.3513795723587,
                20.333069281938727,
                20.869941895809227,
                19.181879645413456,
                18.97391628622735,
                19.341662131288743,
                18.8233793860707
            ],
            "accept_ratios": [
                0.39,
                0.79,
                0.77,
                0.78,
                0.81,
                0.85,
                0.89,
                0.88,
                0.93,
                0.92
            ]
        },
        "Single-Scheme (d=9)": {
            "costs": [
                89.1959561342149,
                76.70710562608869,
                83.1320215778258,
                70.14581558428509,
                72.14260055106121,
                70.8438270977649,
                65.87050954694935,
                66.41986315693357,
                65.78892544251796,
                63.674671411384104
            ],
            "accept_ratios": [
                0.49,
                0.88,
                0.85,
                0.8,
                0.86,
                0.87,
                0.91,
                0.9,
                0.93,
                0.93
            ]
        }
    }
}