{
    "parameters": {
        "NUM_RUNS": 10,
        "DEFAULT_NUM_NODES": 10,
        "DEFAULT_AVG_DEGREE": 4,
        "DEFAULT_P_SUPER_SWITCH": 1,
        "FIBER_ATTENUATION_DB_PER_KM": 0.15,
        "AVG_LINK_LENGTH_KM": 2.0,
        "ERROR_RATE_LOW": 0.001,
        "ERROR_RATE_HIGH": 0.15,
        "EPSILON": 0.01,
        "ERROR_THRESHOLDS": [
            0.01,
            0.03666666666666667,
            0.06333333333333332,
            0.08999999999999998,
            0.11666666666666665,
            0.14333333333333334,
            0.16999999999999998,
            0.19666666666666666,
            0.22333333333333333,
            0.25
        ],
        "DISCRETIZATION_DELTA": [
            1e-05,
            3.6666666666666666e-05,
            6.333333333333333e-05,
            8.999999999999999e-05,
            0.00011666666666666665,
            0.00014333333333333334,
            0.00016999999999999999,
            0.00019666666666666666,
            0.00022333333333333333,
            0.00025
        ],
        "NUM_FLOWS_LIST": [
            5,
            10,
            15,
            20,
            25,
            30,
            35,
            40,
            45,
            50
        ],
        "MARKERS": [
            "o",
            "s",
            "d",
            "^",
            "v",
            "p"
        ],
        "LINESTYLES": [
            "-",
            "--",
            ":",
            "-."
        ],
        "COLORS": [
            "#1f77b4",
            "#ff7f0e",
            "#2ca02c",
            "#d62728",
            "#9467bd",
            "#8c564b"
        ],
        "RESULTS_DIR": "results"
    },
    "results": {
        "Proposed (Multi-Scheme d=5,7,9)": {
            "costs": [
                18.512997770680073,
                16.441213909147923,
                19.697766549965312,
                13.389876185172643,
                14.076881381779367,
                12.158818745036914,
                13.362351274639185,
                12.518806268446212,
                13.76466570247705,
                13.571255555641986
            ],
            "accept_ratios": [
                1.0,
                1.0,
                0.9,
                1.0,
                1.0,
                1.0,
                1.0,
                1.0,
                1.0,
                1.0
            ]
        },
        "Single-Scheme (d=5)": {
            "costs": [
                13.204668074614363,
                17.49872732766462,
                21.75503712685939,
                13.389876185172643,
                14.676881381779367,
                12.158818745036914,
                13.362351274639185,
                12.518806268446212,
                13.76466570247705,
                13.571255555641986
            ],
            "accept_ratios": [
                0.9,
                0.9,
                0.9,
                1.0,
                1.0,
                1.0,
                1.0,
                1.0,
                1.0,
                1.0
            ]
        },
        "Single-Scheme (d=7)": {
            "costs": [
                14.315779185725473,
                17.490776137025797,
                22.142210994409755,
                15.389876185172643,
                15.876881381779366,
                14.158818745036914,
                15.562351274639184,
                14.518806268446212,
                15.764665702477052,
                15.771255555641986
            ],
            "accept_ratios": [
                0.9,
                1.0,
                0.9,
                1.0,
                1.0,
                1.0,
                1.0,
                1.0,
                1.0,
                1.0
            ]
        },
        "Single-Scheme (d=9)": {
            "costs": [
                59.512997770680066,
                60.50273857395988,
                77.88135439315815,
                55.38987618517264,
                55.87688138177937,
                54.15881874503691,
                59.562351274639184,
                54.51880626844621,
                55.76466570247705,
                59.771255555641986
            ],
            "accept_ratios": [
                1.0,
                1.0,
                0.9,
                1.0,
                1.0,
                1.0,
                1.0,
                1.0,
                1.0,
                1.0
            ]
        }
    }
}