{
    "parameters": {
        "NUM_RUNS": 10,
        "DEFAULT_NUM_NODES": 50,
        "DEFAULT_AVG_DEGREE": 4,
        "DEFAULT_P_SUPER_SWITCH": 0.4,
        "FIBER_ATTENUATION_DB_PER_KM": 0.15,
        "AVG_LINK_LENGTH_KM": 2.0,
        "ERROR_RATE_LOW": 0.001,
        "ERROR_RATE_HIGH": 0.15,
        "EPSILON": 0.01,
        "ERROR_THRESHOLDS": [
            0.01,
            0.03666666666666667,
            0.06333333333333332,
            0.08999999999999998,
            0.11666666666666665,
            0.14333333333333334,
            0.16999999999999998,
            0.19666666666666666,
            0.22333333333333333,
            0.25
        ],
        "DISCRETIZATION_DELTA": [
            2e-06,
            7.333333333333333e-06,
            1.2666666666666665e-05,
            1.7999999999999997e-05,
            2.3333333333333332e-05,
            2.8666666666666668e-05,
            3.4e-05,
            3.933333333333333e-05,
            4.4666666666666664e-05,
            5e-05
        ],
        "POOL_SIZE": 5,
        "DEFAULT_R_THETA": 0.05,
        "DEFAULT_DELTA": 0.0001,
        "NUM_FLOWS_LIST": [
            1,
            2,
            3,
            4,
            5,
            6,
            7,
            8,
            9,
            10
        ],
        "MARKERS": [
            "o",
            "s",
            "d",
            "^",
            "v",
            "p"
        ],
        "LINESTYLES": [
            "-",
            "--",
            ":",
            "-."
        ],
        "COLORS": [
            "#1f77b4",
            "#ff7f0e",
            "#2ca02c",
            "#d62728",
            "#9467bd",
            "#8c564b"
        ],
        "RESULTS_DIR": "results"
    },
    "results": {
        "Proposed (LP)": {
            "max_congestion": [
                1.0,
                1.375,
                1.4444444444444444,
                1.3333333333333333,
                1.7777777777777777,
                2.111111111111111,
                2.2222222222222223,
                2.3333333333333335,
                2.3,
                2.4
            ],
            "acceptance_ratio": [
                0.8,
                0.75,
                0.7333333333333333,
                0.675,
                0.6799999999999999,
                0.7,
                0.7142857142857143,
                0.7125,
                0.711111111111111,
                0.73
            ]
        },
        "Greedy-Assignment": {
            "max_congestion": [
                1.0,
                1.25,
                1.3333333333333333,
                1.7777777777777777,
                2.0,
                2.2222222222222223,
                2.3333333333333335,
                2.3333333333333335,
                2.2,
                2.5
            ],
            "acceptance_ratio": [
                0.8,
                0.75,
                0.7333333333333333,
                0.675,
                0.6799999999999999,
                0.7,
                0.7142857142857143,
                0.7125,
                0.711111111111111,
                0.73
            ]
        },
        "Shortest-Path-First": {
            "max_congestion": [
                1.0,
                1.0,
                1.125,
                1.125,
                1.25,
                1.2222222222222223,
                1.3333333333333333,
                1.3333333333333333,
                1.3333333333333333,
                1.4444444444444444
            ],
            "acceptance_ratio": [
                0.6,
                0.45,
                0.4,
                0.325,
                0.34,
                0.3166666666666667,
                0.3857142857142857,
                0.3625,
                0.32222222222222224,
                0.31999999999999995
            ]
        }
    }
}