{
    "parameters": {
        "NUM_RUNS": 50,
        "DEFAULT_NUM_NODES": 200,
        "DEFAULT_AVG_DEGREE": 4,
        "DEFAULT_P_SUPER_SWITCH": 0.4,
        "FIBER_ATTENUATION_DB_PER_KM": 0.15,
        "AVG_LINK_LENGTH_KM": 2.0,
        "ERROR_RATE_LOW": 0.001,
        "ERROR_RATE_HIGH": 0.15,
        "EPSILON": 0.01,
        "ERROR_THRESHOLDS": [
            0.01,
            0.03666666666666667,
            0.06333333333333332,
            0.08999999999999998,
            0.11666666666666665,
            0.14333333333333334,
            0.16999999999999998,
            0.19666666666666666,
            0.22333333333333333,
            0.25
        ],
        "DISCRETIZATION_DELTA": [
            5e-07,
            1.8333333333333333e-06,
            3.1666666666666663e-06,
            4.499999999999999e-06,
            5.833333333333333e-06,
            7.166666666666667e-06,
            8.5e-06,
            9.833333333333333e-06,
            1.1166666666666666e-05,
            1.25e-05
        ],
        "POOL_SIZE": 3,
        "DEFAULT_R_THETA": 0.05,
        "DEFAULT_DELTA": 0.01,
        "NUM_FLOWS_LIST": [
            1,
            3,
            5,
            7,
            9
        ],
        "MARKERS": [
            "o",
            "s",
            "d",
            "^",
            "v",
            "p"
        ],
        "LINESTYLES": [
            "-",
            "--",
            ":",
            "-."
        ],
        "COLORS": [
            "#1f77b4",
            "#ff7f0e",
            "#2ca02c",
            "#d62728",
            "#9467bd",
            "#8c564b"
        ],
        "RESULTS_DIR": "results"
    },
    "results": {
        "Proposed": {
            "costs": [
                130.16069677856115,
                98.01719203028956,
                97.32100785547617,
                98.19658716698983,
                77.60638853475132,
                96.52081617518009,
                69.74586622844197,
                71.13477438519,
                79.84199496761792,
                75.28576304687076
            ],
            "accept_ratios": [
                0.46,
                0.76,
                0.7,
                0.8,
                0.8,
                0.9,
                0.8,
                0.86,
                0.82,
                0.84
            ]
        },
        "Decode-Always": {
            "costs": [
                139.84517084175647,
                119.99077623495118,
                128.20649054872993,
                122.74099982002143,
                99.99630680700707,
                125.93183565686519,
                99.7312121910231,
                91.08582801911008,
                113.29948140043562,
                98.2178856187236
            ],
            "accept_ratios": [
                0.48,
                0.78,
                0.8,
                0.88,
                0.8,
                0.9,
                0.9,
                0.86,
                0.94,
                0.94
            ]
        },
        "Forward-Always": {
            "costs": [
                6.018490449239925,
                6.517333574347615,
                7.506134493554441,
                7.192260182118526,
                7.99238451924628,
                8.533967478441083,
                7.349507751566212,
                7.309677424989367,
                7.8592602917603465,
                8.002812673619804
            ],
            "accept_ratios": [
                0.14,
                0.24,
                0.22,
                0.28,
                0.36,
                0.34,
                0.4,
                0.42,
                0.42,
                0.46
            ]
        }
    }
}