{
    "parameters": {
        "NUM_RUNS": 100,
        "DEFAULT_NUM_NODES": 500,
        "DEFAULT_AVG_DEGREE": 4,
        "DEFAULT_P_SUPER_SWITCH": 0.4,
        "FIBER_ATTENUATION_DB_PER_KM": 0.15,
        "AVG_LINK_LENGTH_KM": 2.0,
        "ERROR_RATE_LOW": 0.001,
        "ERROR_RATE_HIGH": 0.15,
        "EPSILON": 0.01,
        "ERROR_THRESHOLDS": [
            0.01,
            0.03666666666666667,
            0.06333333333333332,
            0.08999999999999998,
            0.11666666666666665,
            0.14333333333333334,
            0.16999999999999998,
            0.19666666666666666,
            0.22333333333333333,
            0.25
        ],
        "DISCRETIZATION_DELTA": [
            2.0000000000000002e-07,
            7.333333333333333e-07,
            1.2666666666666667e-06,
            1.7999999999999997e-06,
            2.333333333333333e-06,
            2.8666666666666666e-06,
            3.3999999999999996e-06,
            3.933333333333333e-06,
            4.4666666666666665e-06,
            5e-06
        ],
        "NUM_FLOWS_LIST": [
            5,
            10,
            15,
            20,
            25,
            30,
            35,
            40,
            45,
            50
        ],
        "MARKERS": [
            "o",
            "s",
            "d",
            "^",
            "v",
            "p"
        ],
        "LINESTYLES": [
            "-",
            "--",
            ":",
            "-."
        ],
        "COLORS": [
            "#1f77b4",
            "#ff7f0e",
            "#2ca02c",
            "#d62728",
            "#9467bd",
            "#8c564b"
        ],
        "RESULTS_DIR": "results"
    },
    "results": {
        "Proposed (Multi-Scheme d=5,7,9)": {
            "costs": [
                78.02690110219712,
                48.07658806046519,
                35.650376271134924,
                32.805686423992235,
                30.901491317760048,
                27.3305462247677,
                27.220664582866643,
                27.282538610207354,
                23.254707987790695,
                23.062445328683374
            ],
            "accept_ratios": [
                0.38,
                0.63,
                0.64,
                0.75,
                0.78,
                0.86,
                0.82,
                0.83,
                0.86,
                0.84
            ]
        },
        "Single-Scheme (d=5)": {
            "costs": [
                36.229438878281016,
                29.010134352945798,
                34.44082479040608,
                28.773134746401016,
                28.565726193282963,
                27.919065751044887,
                24.634560556249916,
                28.111500317425442,
                22.643384663305387,
                22.818177785022964
            ],
            "accept_ratios": [
                0.11,
                0.32,
                0.49,
                0.64,
                0.68,
                0.81,
                0.74,
                0.8,
                0.85,
                0.83
            ]
        },
        "Single-Scheme (d=7)": {
            "costs": [
                41.08555023570046,
                36.84526668388087,
                34.76714610843553,
                35.21795079085842,
                31.82963589271992,
                29.98229861424408,
                27.89773747371969,
                29.695816537204376,
                25.910891517607165,
                25.710053172099204
            ],
            "accept_ratios": [
                0.25,
                0.51,
                0.58,
                0.74,
                0.75,
                0.86,
                0.8,
                0.82,
                0.86,
                0.84
            ]
        },
        "Single-Scheme (d=9)": {
            "costs": [
                166.3699004158085,
                133.77470218903946,
                106.55646948704728,
                113.52827373339817,
                101.16904961495403,
                97.656218100437,
                92.18560403697954,
                94.4316675622944,
                79.55753509040994,
                80.15872171433753
            ],
            "accept_ratios": [
                0.38,
                0.63,
                0.64,
                0.75,
                0.78,
                0.86,
                0.82,
                0.83,
                0.86,
                0.84
            ]
        }
    }
}