{
    "parameters": {
        "NUM_RUNS": 1,
        "DEFAULT_NUM_NODES": 10,
        "DEFAULT_AVG_DEGREE": 4,
        "DEFAULT_P_SUPER_SWITCH": 1,
        "FIBER_ATTENUATION_DB_PER_KM": 0.15,
        "AVG_LINK_LENGTH_KM": 2.0,
        "ERROR_RATE_LOW": 0.001,
        "ERROR_RATE_HIGH": 0.15,
        "EPSILON": 0.01,
        "ERROR_THRESHOLDS": [
            0.01,
            0.03666666666666667,
            0.06333333333333332,
            0.08999999999999998,
            0.11666666666666665,
            0.14333333333333334,
            0.16999999999999998,
            0.19666666666666666,
            0.22333333333333333,
            0.25
        ],
        "DISCRETIZATION_DELTA": [
            1e-05,
            3.6666666666666666e-05,
            6.333333333333333e-05,
            8.999999999999999e-05,
            0.00011666666666666665,
            0.00014333333333333334,
            0.00016999999999999999,
            0.00019666666666666666,
            0.00022333333333333333,
            0.00025
        ],
        "NUM_FLOWS_LIST": [
            5,
            10,
            15,
            20,
            25,
            30,
            35,
            40,
            45,
            50
        ],
        "MARKERS": [
            "o",
            "s",
            "d",
            "^",
            "v",
            "p"
        ],
        "LINESTYLES": [
            "-",
            "--",
            ":",
            "-."
        ],
        "COLORS": [
            "#1f77b4",
            "#ff7f0e",
            "#2ca02c",
            "#d62728",
            "#9467bd",
            "#8c564b"
        ],
        "RESULTS_DIR": "results"
    },
    "results": {
        "Proposed": {
            "costs": [
                51.15505474612643,
                51.53780659728742,
                51.30195092353873,
                53.17740336246622,
                54.73010395293248,
                55.31853651053483,
                59.917310823509396,
                52.023053114154095,
                53.695576053910244,
                55.802636549802976
            ],
            "accept_ratios": [
                1.0,
                1.0,
                1.0,
                1.0,
                1.0,
                1.0,
                1.0,
                1.0,
                1.0,
                1.0
            ]
        },
        "Decode-Always": {
            "costs": [
                51.15505474612643,
                51.53780659728742,
                51.30195092353873,
                103.17740336246621,
                104.73010395293248,
                105.31853651053483,
                159.9173108235094,
                52.023053114154095,
                53.695576053910244,
                105.80263654980297
            ],
            "accept_ratios": [
                1.0,
                1.0,
                1.0,
                1.0,
                1.0,
                1.0,
                1.0,
                1.0,
                1.0,
                1.0
            ]
        },
        "Forward-Always": {
            "costs": [
                1.1550547461264293,
                1.537806597287422,
                1.3019509235387323,
                3.1774033624662192,
                4.730103952932483,
                5.318536510534824,
                NaN,
                2.0230531141540955,
                3.6955760539102442,
                5.802636549802977
            ],
            "accept_ratios": [
                1.0,
                1.0,
                1.0,
                1.0,
                1.0,
                1.0,
                0.0,
                1.0,
                1.0,
                1.0
            ]
        }
    }
}