{
    "parameters": {
        "NUM_RUNS": 100,
        "DEFAULT_NUM_NODES": 100,
        "DEFAULT_AVG_DEGREE": 4,
        "DEFAULT_P_SUPER_SWITCH": 0.4,
        "FIBER_ATTENUATION_DB_PER_KM": 0.15,
        "AVG_LINK_LENGTH_KM": 2.0,
        "ERROR_RATE_LOW": 0.001,
        "ERROR_RATE_HIGH": 0.15,
        "EPSILON": 0.01,
        "ERROR_THRESHOLDS": [
            0.01,
            0.03666666666666667,
            0.06333333333333332,
            0.08999999999999998,
            0.11666666666666665,
            0.14333333333333334,
            0.16999999999999998,
            0.19666666666666666,
            0.22333333333333333,
            0.25
        ],
        "DISCRETIZATION_DELTA": [
            1e-06,
            3.6666666666666666e-06,
            6.3333333333333326e-06,
            8.999999999999999e-06,
            1.1666666666666666e-05,
            1.4333333333333334e-05,
            1.7e-05,
            1.9666666666666666e-05,
            2.2333333333333332e-05,
            2.5e-05
        ],
        "POOL_SIZE": 5,
        "DEFAULT_R_THETA": 0.05,
        "DEFAULT_DELTA": 0.0001,
        "NUM_FLOWS_LIST": [
            1,
            2,
            3,
            4,
            5,
            6,
            7,
            8,
            9,
            10
        ],
        "MARKERS": [
            "o",
            "s",
            "d",
            "^",
            "v",
            "p"
        ],
        "LINESTYLES": [
            "-",
            "--",
            ":",
            "-."
        ],
        "COLORS": [
            "#1f77b4",
            "#ff7f0e",
            "#2ca02c",
            "#d62728",
            "#9467bd",
            "#8c564b"
        ],
        "RESULTS_DIR": "results"
    },
    "results": {
        "Proposed (LP)": {
            "max_congestion": [
                1.0512820512820513,
                1.127659574468085,
                1.2626262626262625,
                1.35,
                1.43,
                1.55,
                1.71,
                1.79,
                1.91,
                2.1
            ],
            "acceptance_ratio": [
                0.78,
                0.735,
                0.7766666666666667,
                0.765,
                0.7619999999999999,
                0.7766666666666666,
                0.7828571428571429,
                0.77875,
                0.7844444444444444,
                0.7900000000000003
            ]
        },
        "Greedy-Assignment": {
            "max_congestion": [
                1.0,
                1.0957446808510638,
                1.303030303030303,
                1.46,
                1.58,
                1.72,
                1.86,
                1.99,
                2.1,
                2.28
            ],
            "acceptance_ratio": [
                0.78,
                0.735,
                0.7766666666666667,
                0.765,
                0.7619999999999999,
                0.7766666666666666,
                0.7828571428571429,
                0.77875,
                0.7844444444444444,
                0.7900000000000003
            ]
        },
        "Shortest-Path-First": {
            "max_congestion": [
                1.0,
                1.02,
                1.0952380952380953,
                1.1081081081081081,
                1.1071428571428572,
                1.1264367816091954,
                1.1333333333333333,
                1.1720430107526882,
                1.2,
                1.2268041237113403
            ],
            "acceptance_ratio": [
                0.29,
                0.285,
                0.29666666666666663,
                0.2775,
                0.282,
                0.28333333333333327,
                0.2842857142857142,
                0.29,
                0.30111111111111105,
                0.3
            ]
        }
    }
}