{
    "parameters": {
        "NUM_RUNS": 500,
        "DEFAULT_NUM_NODES": 500,
        "DEFAULT_AVG_DEGREE": 4,
        "DEFAULT_P_SUPER_SWITCH": 0.4,
        "FIBER_ATTENUATION_DB_PER_KM": 0.15,
        "AVG_LINK_LENGTH_KM": 2.0,
        "ERROR_RATE_LOW": 0.001,
        "ERROR_RATE_HIGH": 0.15,
        "EPSILON": 0.01,
        "ERROR_THRESHOLDS": [
            0.01,
            0.03666666666666667,
            0.06333333333333332,
            0.08999999999999998,
            0.11666666666666665,
            0.14333333333333334,
            0.16999999999999998,
            0.19666666666666666,
            0.22333333333333333,
            0.25
        ],
        "DISCRETIZATION_DELTA": [
            2.0000000000000002e-07,
            7.333333333333333e-07,
            1.2666666666666667e-06,
            1.7999999999999997e-06,
            2.333333333333333e-06,
            2.8666666666666666e-06,
            3.3999999999999996e-06,
            3.933333333333333e-06,
            4.4666666666666665e-06,
            5e-06
        ],
        "POOL_SIZE": 5,
        "DEFAULT_R_THETA": 0.05,
        "DEFAULT_DELTA": 0.0001,
        "NUM_FLOWS_LIST": [
            5,
            10,
            15,
            20,
            25,
            30,
            35,
            40,
            45,
            50
        ],
        "NODE_SIZES_FOR_SCALABILITY": [
            20,
            80,
            160,
            240,
            320,
            400
        ],
        "SCHEME_COUNTS_FOR_SCALABILITY": [
            1,
            2,
            3,
            4
        ],
        "DEFAULT_NUM_NODES_FOR_SCALABILITY": 100,
        "MARKERS": [
            "o",
            "s",
            "d",
            "^",
            "v",
            "p"
        ],
        "LINESTYLES": [
            "-",
            "--",
            ":",
            "-."
        ],
        "COLORS": [
            "#1f77b4",
            "#ff7f0e",
            "#2ca02c",
            "#d62728",
            "#9467bd",
            "#8c564b"
        ],
        "RESULTS_DIR": "results"
    },
    "results": {
        "Proposed": {
            "costs": [
                145.18453604468255,
                116.29042445102237,
                102.02599845164387,
                92.63255156960564,
                87.14361534017313,
                84.187503073651,
                78.77929289834893,
                74.47383198397578,
                72.40872338516782,
                71.24396519338862
            ],
            "accept_ratios": [
                0.452,
                0.642,
                0.724,
                0.774,
                0.818,
                0.842,
                0.866,
                0.888,
                0.91,
                0.924
            ]
        },
        "Decode-Always": {
            "costs": [
                169.75411771164391,
                146.96507730047483,
                133.10119078676271,
                126.59732875692345,
                121.33515819498665,
                116.28358357757608,
                111.56421903517173,
                108.5714399608863,
                106.47296044242773,
                105.09806705508555
            ],
            "accept_ratios": [
                0.636,
                0.828,
                0.884,
                0.912,
                0.93,
                0.946,
                0.95,
                0.96,
                0.968,
                0.974
            ]
        },
        "Forward-Always": {
            "costs": [
                59.996627692164445,
                60.69878804840595,
                60.67044025745819,
                60.88278393259318,
                60.997520103198696,
                61.0704400099276,
                61.23246916834119,
                61.24092001260729,
                61.23816338492046,
                61.1723715737838
            ],
            "accept_ratios": [
                0.176,
                0.328,
                0.408,
                0.476,
                0.548,
                0.604,
                0.664,
                0.716,
                0.754,
                0.778
            ]
        }
    }
}