{
    "Proposed": {
        "costs": [
            131.23636872382536,
            59.84618021112835,
            62.64599730218443,
            71.29234300096144,
            77.05205424219332,
            67.81477070339425,
            72.57898804534018,
            68.25674460729707,
            76.45548191335976,
            70.34168256354705
        ],
        "accept_ratios": [
            0.2,
            0.9,
            0.9,
            1.0,
            0.7,
            1.0,
            1.0,
            0.9,
            0.8,
            0.8
        ]
    },
    "Decode-Always": {
        "costs": [
            156.23636872382536,
            98.73506910001724,
            118.20155285774,
            106.29234300096145,
            112.76633995647903,
            122.81477070339422,
            137.57898804534017,
            123.81230016285264,
            138.95548191335976,
            132.84168256354707
        ],
        "accept_ratios": [
            0.2,
            0.9,
            0.9,
            1.0,
            0.7,
            1.0,
            1.0,
            0.9,
            0.8,
            0.8
        ]
    },
    "Forward-Always": {
        "costs": [
            NaN,
            3.903903556247606,
            7.203540384955583,
            5.325868703256455,
            4.4062566512379995,
            7.433416443315317,
            8.269992470111763,
            6.515388278830936,
            7.409035672399451,
            7.652412489814063
        ],
        "accept_ratios": [
            0.0,
            0.8,
            0.8,
            0.7,
            0.4,
            0.9,
            0.7,
            0.7,
            0.6,
            0.7
        ]
    }
}