{
    "parameters": {
        "NUM_RUNS": 20,
        "DEFAULT_NUM_NODES": 50,
        "DEFAULT_AVG_DEGREE": 4,
        "DEFAULT_P_SUPER_SWITCH": 0.4,
        "FIBER_ATTENUATION_DB_PER_KM": 0.15,
        "AVG_LINK_LENGTH_KM": 2.0,
        "ERROR_RATE_LOW": 0.001,
        "ERROR_RATE_HIGH": 0.15,
        "EPSILON": 0.01,
        "ERROR_THRESHOLDS": [
            0.01,
            0.03666666666666667,
            0.06333333333333332,
            0.08999999999999998,
            0.11666666666666665,
            0.14333333333333334,
            0.16999999999999998,
            0.19666666666666666,
            0.22333333333333333,
            0.25
        ],
        "DISCRETIZATION_DELTA": [
            2e-06,
            7.333333333333333e-06,
            1.2666666666666665e-05,
            1.7999999999999997e-05,
            2.3333333333333332e-05,
            2.8666666666666668e-05,
            3.4e-05,
            3.933333333333333e-05,
            4.4666666666666664e-05,
            5e-05
        ],
        "POOL_SIZE": 3,
        "DEFAULT_R_THETA": 0.05,
        "DEFAULT_DELTA": 0.01,
        "NUM_FLOWS_LIST": [
            1,
            3,
            5,
            7,
            9
        ],
        "MARKERS": [
            "o",
            "s",
            "d",
            "^",
            "v",
            "p"
        ],
        "LINESTYLES": [
            "-",
            "--",
            ":",
            "-."
        ],
        "COLORS": [
            "#1f77b4",
            "#ff7f0e",
            "#2ca02c",
            "#d62728",
            "#9467bd",
            "#8c564b"
        ],
        "RESULTS_DIR": "results"
    },
    "results": {
        "Proposed (ILP)": {
            "max_congestion": [
                1.0,
                1.25,
                1.588235294117647,
                1.7777777777777777,
                2.210526315789474
            ]
        },
        "Greedy-Sequential": {
            "max_congestion": [
                1.375,
                1.4166666666666667,
                1.7647058823529411,
                2.1666666666666665,
                2.3684210526315788
            ]
        },
        "Shortest-Path-First": {
            "max_congestion": [
                NaN,
                NaN,
                NaN,
                NaN,
                NaN
            ]
        }
    }
}