{
    "parameters": {
        "NUM_RUNS": 50,
        "DEFAULT_NUM_NODES": 20,
        "DEFAULT_AVG_DEGREE": 4,
        "DEFAULT_P_SUPER_SWITCH": 0.4,
        "FIBER_ATTENUATION_DB_PER_KM": 0.15,
        "AVG_LINK_LENGTH_KM": 2.0,
        "ERROR_RATE_LOW": 0.001,
        "ERROR_RATE_HIGH": 0.15,
        "EPSILON": 0.01,
        "ERROR_THRESHOLDS": [
            0.01,
            0.03666666666666667,
            0.06333333333333332,
            0.08999999999999998,
            0.11666666666666665,
            0.14333333333333334,
            0.16999999999999998,
            0.19666666666666666,
            0.22333333333333333,
            0.25
        ],
        "DISCRETIZATION_DELTA": [
            5e-06,
            1.8333333333333333e-05,
            3.1666666666666666e-05,
            4.4999999999999996e-05,
            5.8333333333333326e-05,
            7.166666666666667e-05,
            8.499999999999999e-05,
            9.833333333333333e-05,
            0.00011166666666666667,
            0.000125
        ],
        "NUM_FLOWS_LIST": [
            5,
            10,
            15,
            20,
            25,
            30,
            35,
            40,
            45,
            50
        ],
        "MARKERS": [
            "o",
            "s",
            "d",
            "^",
            "v",
            "p"
        ],
        "LINESTYLES": [
            "-",
            "--",
            ":",
            "-."
        ],
        "COLORS": [
            "#1f77b4",
            "#ff7f0e",
            "#2ca02c",
            "#d62728",
            "#9467bd",
            "#8c564b"
        ],
        "RESULTS_DIR": "results"
    },
    "results": {
        "Proposed": {
            "costs": [
                59.78382013195862,
                65.1280674227531,
                64.82638580706455,
                58.68507557579865,
                58.633392411014654,
                61.93032774550365,
                61.24262670371867,
                62.914044919111745,
                57.91536543870696,
                61.07582956456003
            ],
            "accept_ratios": [
                0.6,
                0.72,
                0.78,
                0.86,
                0.9,
                0.9,
                0.94,
                0.92,
                0.92,
                0.94
            ]
        },
        "Decode-Always": {
            "costs": [
                52.55108199375518,
                66.26156547746592,
                65.82401684946994,
                52.82822083598813,
                77.73551524669311,
                53.835415642934585,
                84.65984016823073,
                68.9936518795327,
                72.63132845541325,
                71.97976239089962
            ],
            "accept_ratios": [
                0.06,
                0.08,
                0.18,
                0.24,
                0.14,
                0.1,
                0.18,
                0.22,
                0.16,
                0.12
            ]
        },
        "Forward-Always": {
            "costs": [
                4.59611311498745,
                5.073399090534082,
                5.3518949193536125,
                4.648420080993615,
                5.419892045265981,
                5.632851760517473,
                5.69643351950407,
                5.326574954591641,
                5.1942350629429885,
                5.8753194341852115
            ],
            "accept_ratios": [
                0.32,
                0.42,
                0.48,
                0.64,
                0.68,
                0.7,
                0.56,
                0.62,
                0.8,
                0.72
            ]
        }
    }
}