{
    "parameters": {
        "NUM_RUNS": 100,
        "DEFAULT_NUM_NODES": 500,
        "DEFAULT_AVG_DEGREE": 4,
        "DEFAULT_P_SUPER_SWITCH": 0.4,
        "FIBER_ATTENUATION_DB_PER_KM": 0.15,
        "AVG_LINK_LENGTH_KM": 2.0,
        "ERROR_RATE_LOW": 0.001,
        "ERROR_RATE_HIGH": 0.15,
        "EPSILON": 0.01,
        "ERROR_THRESHOLDS": [
            0.01,
            0.03666666666666667,
            0.06333333333333332,
            0.08999999999999998,
            0.11666666666666665,
            0.14333333333333334,
            0.16999999999999998,
            0.19666666666666666,
            0.22333333333333333,
            0.25
        ],
        "DISCRETIZATION_DELTA": [
            2.0000000000000002e-07,
            7.333333333333333e-07,
            1.2666666666666667e-06,
            1.7999999999999997e-06,
            2.333333333333333e-06,
            2.8666666666666666e-06,
            3.3999999999999996e-06,
            3.933333333333333e-06,
            4.4666666666666665e-06,
            5e-06
        ],
        "POOL_SIZE": 3,
        "DEFAULT_R_THETA": 0.05,
        "DEFAULT_DELTA": 0.01,
        "NUM_FLOWS_LIST": [
            1,
            3,
            5,
            7,
            9
        ],
        "MARKERS": [
            "o",
            "s",
            "d",
            "^",
            "v",
            "p"
        ],
        "LINESTYLES": [
            "-",
            "--",
            ":",
            "-."
        ],
        "COLORS": [
            "#1f77b4",
            "#ff7f0e",
            "#2ca02c",
            "#d62728",
            "#9467bd",
            "#8c564b"
        ],
        "RESULTS_DIR": "results"
    },
    "results": {
        "Proposed": {
            "costs": [
                164.5010088382613,
                125.9261506638161,
                112.45204623477125,
                103.92012157408233,
                91.41194324363224,
                119.95915208377683,
                89.01561525937689,
                83.58452492998022,
                78.24147967230812,
                81.01263573201135
            ],
            "accept_ratios": [
                0.47,
                0.58,
                0.61,
                0.76,
                0.64,
                0.8,
                0.78,
                0.76,
                0.86,
                0.83
            ]
        },
        "Decode-Always": {
            "costs": [
                181.42142857042202,
                151.92669770034814,
                146.5308767118648,
                132.4861815826669,
                133.37381407741768,
                132.64669427835898,
                118.86796845303166,
                118.15792451042256,
                113.98696698194502,
                109.7995197499133
            ],
            "accept_ratios": [
                0.55,
                0.64,
                0.76,
                0.82,
                0.8,
                0.89,
                0.92,
                0.86,
                0.89,
                0.95
            ]
        },
        "Forward-Always": {
            "costs": [
                58.978414140670324,
                58.73931433540809,
                59.37013711900177,
                59.55912224100075,
                58.88208503759447,
                59.15566913127958,
                59.74109265787703,
                59.890423212449384,
                60.709401981578225,
                59.08714458008348
            ],
            "accept_ratios": [
                0.13,
                0.18,
                0.31,
                0.4,
                0.38,
                0.43,
                0.57,
                0.55,
                0.66,
                0.56
            ]
        }
    }
}