{
    "parameters": {
        "NUM_RUNS": 500,
        "DEFAULT_NUM_NODES": 500,
        "DEFAULT_AVG_DEGREE": 4,
        "DEFAULT_P_SUPER_SWITCH": 0.4,
        "FIBER_ATTENUATION_DB_PER_KM": 0.15,
        "AVG_LINK_LENGTH_KM": 2.0,
        "ERROR_RATE_LOW": 0.001,
        "ERROR_RATE_HIGH": 0.15,
        "EPSILON": 0.01,
        "ERROR_THRESHOLDS": [
            0.01,
            0.03666666666666667,
            0.06333333333333332,
            0.08999999999999998,
            0.11666666666666665,
            0.14333333333333334,
            0.16999999999999998,
            0.19666666666666666,
            0.22333333333333333,
            0.25
        ],
        "DISCRETIZATION_DELTA": [
            2.0000000000000002e-07,
            7.333333333333333e-07,
            1.2666666666666667e-06,
            1.7999999999999997e-06,
            2.333333333333333e-06,
            2.8666666666666666e-06,
            3.3999999999999996e-06,
            3.933333333333333e-06,
            4.4666666666666665e-06,
            5e-06
        ],
        "POOL_SIZE": 5,
        "DEFAULT_R_THETA": 0.05,
        "DEFAULT_DELTA": 0.0001,
        "NUM_FLOWS_LIST": [
            5,
            10,
            15,
            20,
            25,
            30,
            35,
            40,
            45,
            50
        ],
        "NODE_SIZES_FOR_SCALABILITY": [
            20,
            80,
            160,
            240,
            320,
            400
        ],
        "SCHEME_COUNTS_FOR_SCALABILITY": [
            1,
            2,
            3,
            4
        ],
        "DEFAULT_NUM_NODES_FOR_SCALABILITY": 100,
        "MARKERS": [
            "o",
            "s",
            "d",
            "^",
            "v",
            "p"
        ],
        "LINESTYLES": [
            "-",
            "--",
            ":",
            "-."
        ],
        "COLORS": [
            "#1f77b4",
            "#ff7f0e",
            "#2ca02c",
            "#d62728",
            "#9467bd",
            "#8c564b"
        ],
        "RESULTS_DIR": "results"
    },
    "results": {
        "Proposed (Multi-Scheme d=3,7,9)": {
            "costs": [
                64.54190202614949,
                41.135639526934895,
                31.50488443118548,
                30.110874852555288,
                25.275080929892127,
                23.241546770611382,
                21.539756989678466,
                19.992951293828707,
                19.27161050320492,
                18.87541103529124
            ],
            "accept_ratios": [
                0.402,
                0.648,
                0.754,
                0.804,
                0.846,
                0.856,
                0.902,
                0.89,
                0.946,
                0.93
            ]
        },
        "Single-Scheme (d=3)": {
            "costs": [
                15.943966085228368,
                20.972808928414157,
                22.89810696142605,
                22.487235167496202,
                21.0501885571827,
                21.091310676328206,
                19.113736208110463,
                19.03837383348243,
                18.406476176230992,
                17.948536962023233
            ],
            "accept_ratios": [
                0.018,
                0.138,
                0.292,
                0.442,
                0.54,
                0.618,
                0.76,
                0.784,
                0.888,
                0.9
            ]
        },
        "Single-Scheme (d=7)": {
            "costs": [
                43.878607590565174,
                35.20049395997825,
                31.60534103998964,
                29.37539948040812,
                28.233934318014647,
                26.918390723593518,
                24.65121681889428,
                24.57484109708407,
                24.432719815189618,
                24.162215384562376
            ],
            "accept_ratios": [
                0.262,
                0.54,
                0.704,
                0.754,
                0.824,
                0.842,
                0.88,
                0.886,
                0.94,
                0.926
            ]
        },
        "Single-Scheme (d=9)": {
            "costs": [
                153.24766901146884,
                117.75864351919405,
                98.86740420405926,
                91.85734073173359,
                85.52504002261671,
                82.40542949540773,
                75.40146674010549,
                74.05273908611787,
                73.74835714934173,
                72.79107924004613
            ],
            "accept_ratios": [
                0.402,
                0.648,
                0.754,
                0.804,
                0.846,
                0.856,
                0.9,
                0.89,
                0.944,
                0.93
            ]
        }
    }
}