{
    "parameters": {
        "NUM_RUNS": 500,
        "DEFAULT_NUM_NODES": 500,
        "DEFAULT_AVG_DEGREE": 4,
        "DEFAULT_P_SUPER_SWITCH": 0.4,
        "FIBER_ATTENUATION_DB_PER_KM": 0.15,
        "AVG_LINK_LENGTH_KM": 2.0,
        "ERROR_RATE_LOW": 0.001,
        "ERROR_RATE_HIGH": 0.15,
        "EPSILON": 0.01,
        "ERROR_THRESHOLDS": [
            0.01,
            0.03666666666666667,
            0.06333333333333332,
            0.08999999999999998,
            0.11666666666666665,
            0.14333333333333334,
            0.16999999999999998,
            0.19666666666666666,
            0.22333333333333333,
            0.25
        ],
        "DISCRETIZATION_DELTA": [
            2.0000000000000002e-07,
            7.333333333333333e-07,
            1.2666666666666667e-06,
            1.7999999999999997e-06,
            2.333333333333333e-06,
            2.8666666666666666e-06,
            3.3999999999999996e-06,
            3.933333333333333e-06,
            4.4666666666666665e-06,
            5e-06
        ],
        "POOL_SIZE": 5,
        "DEFAULT_R_THETA": 0.05,
        "DEFAULT_DELTA": 0.0001,
        "NUM_FLOWS_LIST": [
            5,
            10,
            15,
            20,
            25,
            30,
            35,
            40,
            45,
            50
        ],
        "NODE_SIZES_FOR_SCALABILITY": [
            20,
            80,
            160,
            240,
            320,
            400
        ],
        "SCHEME_COUNTS_FOR_SCALABILITY": [
            1,
            2,
            3,
            4
        ],
        "DEFAULT_NUM_NODES_FOR_SCALABILITY": 100,
        "MARKERS": [
            "o",
            "s",
            "d",
            "^",
            "v",
            "p"
        ],
        "LINESTYLES": [
            "-",
            "--",
            ":",
            "-."
        ],
        "COLORS": [
            "#1f77b4",
            "#ff7f0e",
            "#2ca02c",
            "#d62728",
            "#9467bd",
            "#8c564b"
        ],
        "RESULTS_DIR": "results"
    },
    "results": {
        "Proposed (Multi-Scheme d=5,7,9)": {
            "costs": [
                55.61223561828532,
                37.21673545765895,
                32.17802654514064,
                28.435987281550517,
                24.663552471035878,
                23.84483088998371,
                21.903836894104884,
                20.69576409072136,
                18.75464471933637,
                17.88876450492884
            ],
            "accept_ratios": [
                0.432,
                0.65,
                0.722,
                0.782,
                0.822,
                0.884,
                0.904,
                0.91,
                0.914,
                0.922
            ]
        },
        "Single-Scheme (d=5)": {
            "costs": [
                36.73114547242479,
                32.49915542936619,
                29.875230908380164,
                27.783856236507493,
                25.316577642878045,
                26.08750400402774,
                23.095692571522367,
                22.53226442153852,
                21.268345581418625,
                21.14717441648749
            ],
            "accept_ratios": [
                0.152,
                0.39,
                0.536,
                0.62,
                0.718,
                0.808,
                0.852,
                0.86,
                0.892,
                0.918
            ]
        },
        "Single-Scheme (d=7)": {
            "costs": [
                43.01892082081805,
                35.172131471326374,
                31.907291463680323,
                30.43763263601504,
                27.130437394808897,
                27.077661980109717,
                25.39710447773834,
                24.57483504740288,
                23.426386867202478,
                23.340833418667383
            ],
            "accept_ratios": [
                0.318,
                0.576,
                0.674,
                0.752,
                0.792,
                0.862,
                0.89,
                0.896,
                0.906,
                0.918
            ]
        },
        "Single-Scheme (d=9)": {
            "costs": [
                138.88380393389204,
                109.82490027357224,
                98.95083602102879,
                91.93421664422492,
                82.85917304595826,
                82.45009657663685,
                77.08092448771826,
                74.77497508282968,
                71.45581129139963,
                70.48476766378671
            ],
            "accept_ratios": [
                0.432,
                0.65,
                0.722,
                0.782,
                0.822,
                0.884,
                0.904,
                0.91,
                0.914,
                0.92
            ]
        }
    }
}