{
    "parameters": {
        "NUM_RUNS": 100,
        "DEFAULT_NUM_NODES": 50,
        "DEFAULT_AVG_DEGREE": 4,
        "DEFAULT_P_SUPER_SWITCH": 0.4,
        "FIBER_ATTENUATION_DB_PER_KM": 0.15,
        "AVG_LINK_LENGTH_KM": 2.0,
        "ERROR_RATE_LOW": 0.001,
        "ERROR_RATE_HIGH": 0.15,
        "EPSILON": 0.01,
        "ERROR_THRESHOLDS": [
            0.01,
            0.03666666666666667,
            0.06333333333333332,
            0.08999999999999998,
            0.11666666666666665,
            0.14333333333333334,
            0.16999999999999998,
            0.19666666666666666,
            0.22333333333333333,
            0.25
        ],
        "DISCRETIZATION_DELTA": [
            2e-06,
            7.333333333333333e-06,
            1.2666666666666665e-05,
            1.7999999999999997e-05,
            2.3333333333333332e-05,
            2.8666666666666668e-05,
            3.4e-05,
            3.933333333333333e-05,
            4.4666666666666664e-05,
            5e-05
        ],
        "POOL_SIZE": 5,
        "DEFAULT_R_THETA": 0.05,
        "DEFAULT_DELTA": 0.0001,
        "NUM_FLOWS_LIST": [
            5,
            10,
            15,
            20,
            25,
            30,
            35,
            40,
            45,
            50
        ],
        "NODE_SIZES_FOR_SCALABILITY": [
            20,
            80,
            160,
            240,
            320,
            400
        ],
        "SCHEME_COUNTS_FOR_SCALABILITY": [
            1,
            2,
            3,
            4
        ],
        "DEFAULT_NUM_NODES_FOR_SCALABILITY": 100,
        "MARKERS": [
            "o",
            "s",
            "d",
            "^",
            "v",
            "p"
        ],
        "LINESTYLES": [
            "-",
            "--",
            ":",
            "-."
        ],
        "COLORS": [
            "#1f77b4",
            "#ff7f0e",
            "#2ca02c",
            "#d62728",
            "#9467bd",
            "#8c564b"
        ],
        "RESULTS_DIR": "results"
    },
    "results": {
        "Proposed (LP)": {
            "max_congestion": [
                1.82,
                2.62,
                3.49,
                4.37,
                5.28,
                5.98,
                6.57,
                7.45,
                8.35,
                8.97
            ],
            "acceptance_ratio": [
                0.948,
                0.9490000000000002,
                0.9446666666666667,
                0.9495,
                0.9540000000000001,
                0.9523333333333334,
                0.952857142857143,
                0.95475,
                0.9564444444444443,
                0.9566
            ]
        },
        "Greedy-Assignment": {
            "max_congestion": [
                2.24,
                3.42,
                4.58,
                5.79,
                6.88,
                8.0,
                9.16,
                10.25,
                11.41,
                12.68
            ],
            "acceptance_ratio": [
                0.948,
                0.9490000000000002,
                0.9446666666666667,
                0.9495,
                0.9540000000000001,
                0.9523333333333334,
                0.952857142857143,
                0.95475,
                0.9564444444444443,
                0.9566
            ]
        },
        "Shortest-Path-First": {
            "max_congestion": [
                1.2688172043010753,
                1.6734693877551021,
                2.101010101010101,
                2.45,
                2.82,
                3.27,
                3.54,
                3.87,
                4.23,
                4.71
            ],
            "acceptance_ratio": [
                0.3800000000000001,
                0.385,
                0.37733333333333335,
                0.3820000000000001,
                0.39040000000000014,
                0.39233333333333337,
                0.3894285714285715,
                0.38750000000000007,
                0.3857777777777778,
                0.3827999999999999
            ]
        }
    }
}