{
    "parameters": {
        "NUM_RUNS": 100,
        "DEFAULT_NUM_NODES": 500,
        "DEFAULT_AVG_DEGREE": 4,
        "DEFAULT_P_SUPER_SWITCH": 0.4,
        "FIBER_ATTENUATION_DB_PER_KM": 0.15,
        "AVG_LINK_LENGTH_KM": 2.0,
        "ERROR_RATE_LOW": 0.001,
        "ERROR_RATE_HIGH": 0.15,
        "EPSILON": 0.01,
        "ERROR_THRESHOLDS": [
            0.01,
            0.03666666666666667,
            0.06333333333333332,
            0.08999999999999998,
            0.11666666666666665,
            0.14333333333333334,
            0.16999999999999998,
            0.19666666666666666,
            0.22333333333333333,
            0.25
        ],
        "DISCRETIZATION_DELTA": [
            2.0000000000000002e-07,
            7.333333333333333e-07,
            1.2666666666666667e-06,
            1.7999999999999997e-06,
            2.333333333333333e-06,
            2.8666666666666666e-06,
            3.3999999999999996e-06,
            3.933333333333333e-06,
            4.4666666666666665e-06,
            5e-06
        ],
        "POOL_SIZE": 3,
        "DEFAULT_R_THETA": 0.05,
        "DEFAULT_DELTA": 0.01,
        "NUM_FLOWS_LIST": [
            1,
            3,
            5,
            7,
            9
        ],
        "MARKERS": [
            "o",
            "s",
            "d",
            "^",
            "v",
            "p"
        ],
        "LINESTYLES": [
            "-",
            "--",
            ":",
            "-."
        ],
        "COLORS": [
            "#1f77b4",
            "#ff7f0e",
            "#2ca02c",
            "#d62728",
            "#9467bd",
            "#8c564b"
        ],
        "RESULTS_DIR": "results"
    },
    "results": {
        "Proposed": {
            "costs": [
                140.76619369631132,
                132.69604898223696,
                99.94117388065628,
                105.46290065491569,
                109.92789360540074,
                86.44108590700351,
                91.44512409933668,
                90.93772263924579,
                80.2998671749644,
                84.75650041232089
            ],
            "accept_ratios": [
                0.48,
                0.67,
                0.73,
                0.77,
                0.74,
                0.76,
                0.8,
                0.81,
                0.86,
                0.88
            ]
        },
        "Decode-Always": {
            "costs": [
                172.24659563418228,
                154.22908750716314,
                135.59996858992037,
                132.24994444366513,
                146.47377866449446,
                122.22797921656712,
                120.09820355034275,
                112.1949615548773,
                112.04405279126769,
                112.85679607848674
            ],
            "accept_ratios": [
                0.58,
                0.81,
                0.79,
                0.84,
                0.82,
                0.84,
                0.88,
                0.92,
                0.91,
                0.9
            ]
        },
        "Forward-Always": {
            "costs": [
                58.45635567844215,
                58.84450815506684,
                60.40060322344247,
                59.29526248934745,
                59.89520258196004,
                60.55149009117935,
                59.95056662953729,
                59.79613165511188,
                60.48297352830152,
                60.70047111295386
            ],
            "accept_ratios": [
                0.15,
                0.24,
                0.39,
                0.37,
                0.43,
                0.55,
                0.5,
                0.58,
                0.64,
                0.65
            ]
        }
    }
}